policyholder_id,age,gender,location
PH05000,74,Male,Thrissur
PH05001,75,Female,Gorakhpur
PH05002,42,Female,Ghaziabad
PH05003,66,Female,Kolkata
PH05004,33,Male,Khandwa
PH05005,24,Male,Kurnool
PH05006,75,Female,Shimla
PH05007,71,Male,Aurangabad
PH05008,59,Female,Tumkur
PH05009,19,Male,Thane
PH05010,44,Female,Gaya
PH05011,36,Female,Mango
PH05012,48,Male,Motihari
PH05013,21,Male,Nangloi Jat
PH05014,31,Female,Kollam
PH05015,39,Female,Nagpur
PH05016,25,Male,Vasai-Virar
PH05017,41,Female,Ulhasnagar
PH05018,67,Male,Gwalior
PH05019,19,Female,Nagercoil
PH05020,29,Female,Ramgarh
PH05021,64,Male,Machilipatnam
PH05022,72,Female,Allahabad
PH05023,74,Female,Jamshedpur
PH05024,55,Male,Durg
PH05025,64,Female,Chittoor
PH05026,63,Female,Patiala
PH05027,41,Male,Uluberia
PH05028,31,Male,Anand
PH05029,35,Female,Gulbarga
PH05030,50,Male,Pudukkottai
PH05031,71,Male,Maheshtala
PH05032,38,Male,Sagar
PH05033,38,Female,Bhiwandi
PH05034,77,Female,Bikaner
PH05035,78,Male,Nashik
PH05036,42,Female,Bijapur
PH05037,67,Male,Kanpur
PH05038,18,Female,Dhanbad
PH05039,60,Female,Ratlam
PH05040,34,Female,Tadepalligudem
PH05041,56,Female,Bilaspur
PH05042,48,Male,Tirunelveli
PH05043,25,Female,Hapur
PH05044,47,Female,Bangalore
PH05045,18,Male,Srikakulam
PH05046,78,Male,Dehri
PH05047,33,Female,Berhampur
PH05048,78,Female,Thrissur
PH05049,55,Male,Dehradun
PH05050,26,Male,Jaunpur
PH05051,43,Female,Morena
PH05052,39,Male,Satna
PH05053,39,Male,Rajahmundry
PH05054,63,Male,Machilipatnam
PH05055,49,Male,Chinsurah
PH05056,41,Male,Mango
PH05057,31,Male,Kolhapur
PH05058,27,Male,Durg
PH05059,53,Male,Bhavnagar
PH05060,72,Female,Adoni
PH05061,21,Female,Panchkula
PH05062,60,Female,Bellary
PH05063,49,Female,Nellore
PH05064,34,Male,Navi Mumbai
PH05065,43,Female,Korba
PH05066,52,Female,Siwan
PH05067,63,Female,Tiruppur
PH05068,51,Female,Gudivada
PH05069,59,Male,Gandhidham
PH05070,34,Female,Panihati
PH05071,26,Female,Sirsa
PH05072,42,Male,Hajipur
PH05073,37,Male,Guntur
PH05074,37,Male,Thane
PH05075,36,Female,Latur
PH05076,26,Female,Bidhannagar
PH05077,80,Female,Malegaon
PH05078,45,Male,Ozhukarai
PH05079,67,Female,Bhusawal
PH05080,77,Male,Asansol
PH05081,43,Male,Mysore
PH05082,60,Female,Mau
PH05083,71,Male,Nizamabad
PH05084,25,Male,Secunderabad
PH05085,57,Male,Davanagere
PH05086,25,Female,Anand
PH05087,26,Female,Solapur
PH05088,76,Male,Barasat
PH05089,40,Female,Latur
PH05090,59,Female,Bangalore
PH05091,53,Male,Amaravati
PH05092,40,Male,Haridwar
PH05093,33,Male,Haridwar
PH05094,66,Male,Bulandshahr
PH05095,78,Female,Jaunpur
PH05096,43,Male,Allahabad
PH05097,24,Female,Karnal
PH05098,24,Male,Sikar
PH05099,55,Male,Medininagar
PH05100,79,Male,Etawah
PH05101,68,Male,Malda
PH05102,23,Female,Panvel
PH05103,37,Male,Chittoor
PH05104,20,Male,Tadepalligudem
PH05105,42,Female,Pune
PH05106,79,Female,Alappuzha
PH05107,61,Male,Malda
PH05108,41,Female,Suryapet
PH05109,51,Male,Nellore
PH05110,80,Female,Morbi
PH05111,56,Male,Firozabad
PH05112,80,Male,Gopalpur
PH05113,69,Male,Thanjavur
PH05114,34,Male,Bihar Sharif
PH05115,39,Female,Nangloi Jat
PH05116,36,Male,Sri Ganganagar
PH05117,51,Male,Bhalswa Jahangir Pur
PH05118,71,Male,Bally
PH05119,54,Female,Amravati
PH05120,49,Male,Tiruvottiyur
PH05121,54,Male,Navi Mumbai
PH05122,32,Male,Buxar
PH05123,18,Female,Kalyan-Dombivli
PH05124,37,Female,Solapur
PH05125,39,Male,Eluru
PH05126,35,Male,Kolhapur
PH05127,29,Female,Coimbatore
PH05128,32,Male,Dehradun
PH05129,72,Female,Faridabad
PH05130,62,Male,Amritsar
PH05131,59,Male,Ambala
PH05132,46,Female,Medininagar
PH05133,47,Female,Asansol
PH05134,37,Male,Muzaffarpur
PH05135,80,Male,Bareilly
PH05136,24,Male,Agartala
PH05137,39,Female,Chandigarh
PH05138,37,Male,Bhatpara
PH05139,55,Male,Guna
PH05140,20,Female,Mehsana
PH05141,78,Male,Pimpri-Chinchwad
PH05142,74,Male,Dharmavaram
PH05143,49,Female,Chapra
PH05144,62,Male,Erode
PH05145,51,Male,Kolhapur
PH05146,79,Male,Amaravati
PH05147,22,Male,Motihari
PH05148,59,Male,Malda
PH05149,26,Female,Siliguri
PH05150,71,Male,Pondicherry
PH05151,56,Female,Jalna
PH05152,54,Female,Saharsa
PH05153,20,Male,Bilaspur
PH05154,52,Male,Gwalior
PH05155,24,Male,Hazaribagh
PH05156,24,Female,Ahmednagar
PH05157,19,Male,Davanagere
PH05158,39,Male,Rohtak
PH05159,48,Male,Bhiwandi
PH05160,19,Female,Moradabad
PH05161,48,Female,Thiruvananthapuram
PH05162,73,Female,Amritsar
PH05163,31,Female,Katni
PH05164,63,Female,Bihar Sharif
PH05165,79,Female,Faridabad
PH05166,42,Female,Aurangabad
PH05167,56,Female,Eluru
PH05168,35,Female,Chinsurah
PH05169,47,Male,Chennai
PH05170,40,Male,Giridih
PH05171,68,Male,Agartala
PH05172,28,Female,Noida
PH05173,80,Female,Madurai
PH05174,56,Female,Nizamabad
PH05175,72,Male,Sikar
PH05176,78,Male,Motihari
PH05177,58,Female,Amaravati
PH05178,72,Male,Ranchi
PH05179,41,Male,Guna
PH05180,70,Male,Anantapur
PH05181,70,Male,Gurgaon
PH05182,71,Female,Kishanganj
PH05183,27,Male,Amaravati
PH05184,52,Female,Unnao
PH05185,18,Male,Dharmavaram
PH05186,29,Male,Thanjavur
PH05187,56,Female,Mahbubnagar
PH05188,42,Male,Giridih
PH05189,56,Female,Hosur
PH05190,60,Male,Narasaraopet
PH05191,18,Female,Shivpuri
PH05192,43,Female,Guntur
PH05193,59,Female,Satna
PH05194,21,Female,Vadodara
PH05195,71,Female,Siliguri
PH05196,31,Male,Siliguri
PH05197,66,Female,Katihar
PH05198,28,Male,Anand
PH05199,49,Male,Katihar
PH05200,79,Female,Ranchi
PH05201,36,Male,Shahjahanpur
PH05202,53,Female,Nandyal
PH05203,40,Female,Gopalpur
PH05204,59,Male,Bhusawal
PH05205,63,Female,Bikaner
PH05206,29,Female,Warangal
PH05207,69,Male,Anantapuram
PH05208,20,Female,Malda
PH05209,61,Female,Bhatpara
PH05210,37,Male,Erode
PH05211,65,Female,Kanpur
PH05212,42,Female,Kharagpur
PH05213,69,Female,Junagadh
PH05214,78,Female,Rajkot
PH05215,46,Male,Bijapur
PH05216,49,Male,Dhanbad
PH05217,23,Male,Jaipur
PH05218,55,Female,Mirzapur
PH05219,21,Male,Junagadh
PH05220,40,Male,Nadiad
PH05221,59,Female,Akola
PH05222,67,Male,Mira-Bhayandar
PH05223,39,Female,Surendranagar Dudhrej
PH05224,32,Male,Secunderabad
PH05225,29,Female,Navi Mumbai
PH05226,20,Female,Ramagundam
PH05227,28,Female,Nangloi Jat
PH05228,29,Male,Jamalpur
PH05229,38,Male,Hapur
PH05230,69,Female,Karaikudi
PH05231,70,Female,Vijayanagaram
PH05232,33,Male,Orai
PH05233,45,Female,Morbi
PH05234,74,Male,Amravati
PH05235,67,Male,Thoothukudi
PH05236,60,Male,Bhimavaram
PH05237,51,Female,Varanasi
PH05238,65,Female,Aurangabad
PH05239,24,Male,Orai
PH05240,30,Male,Thoothukudi
PH05241,72,Female,Raurkela Industrial Township
PH05242,21,Female,Ghaziabad
PH05243,38,Male,Rohtak
PH05244,57,Female,Nashik
PH05245,63,Male,Dehradun
PH05246,26,Female,Hubli–Dharwad
PH05247,73,Male,Bettiah
PH05248,65,Female,Katni
PH05249,19,Female,Bhagalpur
PH05250,53,Male,Rohtak
PH05251,40,Female,Saharanpur
PH05252,33,Male,Siliguri
PH05253,60,Male,Nandyal
PH05254,32,Female,Kottayam
PH05255,46,Female,Kulti
PH05256,41,Female,Dhanbad
PH05257,44,Male,Tirupati
PH05258,59,Male,Secunderabad
PH05259,78,Female,Raipur
PH05260,28,Male,Shimoga
PH05261,46,Female,Kirari Suleman Nagar
PH05262,76,Male,Aurangabad
PH05263,53,Male,Srinagar
PH05264,40,Female,Dhanbad
PH05265,55,Female,Kollam
PH05266,68,Male,Karnal
PH05267,27,Female,Kadapa
PH05268,77,Female,Bhubaneswar
PH05269,52,Male,Guntakal
PH05270,56,Female,Nizamabad
PH05271,57,Male,Anantapur
PH05272,61,Male,Bhilwara
PH05273,28,Male,Bongaigaon
PH05274,25,Female,Saharsa
PH05275,79,Female,Ludhiana
PH05276,33,Male,Sambhal
PH05277,29,Female,Burhanpur
PH05278,38,Female,Khammam
PH05279,73,Male,Davanagere
PH05280,39,Female,Tiruchirappalli
PH05281,57,Female,Amravati
PH05282,80,Female,Karaikudi
PH05283,74,Male,Anand
PH05284,30,Female,Mirzapur
PH05285,66,Male,Raebareli
PH05286,52,Female,Ambarnath
PH05287,32,Female,Kharagpur
PH05288,78,Male,Kalyan-Dombivli
PH05289,59,Female,Jalgaon
PH05290,77,Female,Raipur
PH05291,63,Male,Bhilai
PH05292,23,Male,Jaunpur
PH05293,19,Female,Katihar
PH05294,79,Male,Ahmedabad
PH05295,73,Female,Tiruvottiyur
PH05296,77,Female,Vijayawada
PH05297,28,Male,Sangli-Miraj & Kupwad
PH05298,62,Female,Baranagar
PH05299,50,Female,Ongole
PH05300,28,Male,Bilaspur
PH05301,57,Male,Mysore
PH05302,48,Female,Moradabad
PH05303,66,Male,Bharatpur
PH05304,80,Male,Bangalore
PH05305,31,Male,Bhagalpur
PH05306,36,Female,Bihar Sharif
PH05307,36,Female,Mau
PH05308,26,Female,Sambalpur
PH05309,35,Female,Gulbarga
PH05310,22,Male,Dibrugarh
PH05311,19,Male,Pudukkottai
PH05312,27,Female,Bhusawal
PH05313,56,Female,Rourkela
PH05314,71,Female,Loni
PH05315,23,Male,Dharmavaram
PH05316,35,Female,Varanasi
PH05317,50,Male,Hyderabad
PH05318,33,Male,Sonipat
PH05319,32,Female,Parbhani
PH05320,61,Female,Mira-Bhayandar
PH05321,36,Male,Guntakal
PH05322,37,Female,Morena
PH05323,37,Male,Aurangabad
PH05324,55,Male,Loni
PH05325,67,Female,Nellore
PH05326,71,Male,Avadi
PH05327,68,Male,Hapur
PH05328,33,Female,Thanjavur
PH05329,39,Male,Jodhpur
PH05330,41,Female,Eluru
PH05331,42,Female,Malda
PH05332,41,Female,Rohtak
PH05333,31,Female,Meerut
PH05334,42,Female,Rampur
PH05335,79,Female,Maheshtala
PH05336,34,Female,Tezpur
PH05337,26,Male,Maheshtala
PH05338,50,Female,Raipur
PH05339,41,Male,Dewas
PH05340,28,Male,North Dumdum
PH05341,24,Male,Hazaribagh
PH05342,34,Female,Machilipatnam
PH05343,38,Male,Vasai-Virar
PH05344,59,Male,Gopalpur
PH05345,71,Male,Maheshtala
PH05346,69,Female,Raurkela Industrial Township
PH05347,61,Female,Dehradun
PH05348,69,Female,Mango
PH05349,43,Male,Dhanbad
PH05350,31,Male,Visakhapatnam
PH05351,60,Female,Alwar
PH05352,35,Male,Naihati
PH05353,71,Male,New Delhi
PH05354,48,Male,Kulti
PH05355,77,Male,Saharanpur
PH05356,34,Female,Medininagar
PH05357,52,Male,Dhule
PH05358,27,Female,Panipat
PH05359,58,Female,Warangal
PH05360,53,Female,Pimpri-Chinchwad
PH05361,55,Male,Ulhasnagar
PH05362,33,Female,Buxar
PH05363,23,Female,Jaunpur
PH05364,37,Male,Anand
PH05365,28,Female,Tadepalligudem
PH05366,37,Female,Dharmavaram
PH05367,21,Female,Firozabad
PH05368,62,Female,Anand
PH05369,69,Male,Jabalpur
PH05370,30,Female,Nashik
PH05371,79,Male,Guntakal
PH05372,63,Male,Jamnagar
PH05373,34,Male,Satna
PH05374,76,Male,Ratlam
PH05375,53,Female,Kochi
PH05376,59,Female,Gandhinagar
PH05377,24,Male,Shahjahanpur
PH05378,23,Male,Navi Mumbai
PH05379,40,Male,Siliguri
PH05380,55,Female,Bhalswa Jahangir Pur
PH05381,77,Female,Dehri
PH05382,60,Male,Sikar
PH05383,65,Female,Gudivada
PH05384,80,Male,Imphal
PH05385,60,Male,Thane
PH05386,23,Male,Sasaram
PH05387,28,Female,Navi Mumbai
PH05388,36,Male,Kolhapur
PH05389,36,Male,Dibrugarh
PH05390,68,Male,Vellore
PH05391,72,Male,Pali
PH05392,19,Male,Fatehpur
PH05393,44,Female,Bokaro
PH05394,34,Female,Thiruvananthapuram
PH05395,72,Male,Delhi
PH05396,65,Male,Malegaon
PH05397,51,Male,Tirupati
PH05398,54,Female,Hosur
PH05399,20,Female,Vasai-Virar
PH05400,75,Male,Danapur
PH05401,41,Female,Tadipatri
PH05402,56,Male,Bathinda
PH05403,24,Female,Narasaraopet
PH05404,70,Female,Anand
PH05405,19,Male,Hazaribagh
PH05406,28,Female,Tirupati
PH05407,69,Female,Panvel
PH05408,31,Female,Phagwara
PH05409,59,Female,Varanasi
PH05410,25,Male,Vadodara
PH05411,33,Male,Cuttack
PH05412,78,Female,Berhampore
PH05413,40,Male,Nashik
PH05414,18,Male,Nanded
PH05415,48,Female,Kakinada
PH05416,77,Female,Agartala
PH05417,42,Male,Raipur
PH05418,37,Male,Tadepalligudem
PH05419,33,Female,Panipat
PH05420,75,Male,Tumkur
PH05421,41,Male,Vellore
PH05422,47,Female,Karimnagar
PH05423,45,Male,Bhagalpur
PH05424,43,Male,Moradabad
PH05425,54,Male,Ongole
PH05426,64,Male,Kollam
PH05427,30,Female,Raebareli
PH05428,50,Male,Jammu
PH05429,58,Male,Aurangabad
PH05430,31,Female,Nadiad
PH05431,29,Male,Gandhidham
PH05432,45,Male,Bhilai
PH05433,30,Male,Ajmer
PH05434,57,Female,Durg
PH05435,45,Male,Bally
PH05436,34,Female,Junagadh
PH05437,46,Male,Arrah
PH05438,61,Male,Khandwa
PH05439,28,Female,Delhi
PH05440,40,Female,Bally
PH05441,48,Female,Singrauli
PH05442,45,Female,Dehri
PH05443,28,Male,Buxar
PH05444,77,Male,Moradabad
PH05445,47,Female,Sultan Pur Majra
PH05446,57,Female,Hosur
PH05447,73,Female,Muzaffarpur
PH05448,68,Male,Madurai
PH05449,37,Female,Bidhannagar
PH05450,59,Male,Nellore
PH05451,56,Male,Ludhiana
PH05452,53,Female,South Dumdum
PH05453,76,Female,Hyderabad
PH05454,79,Female,Ranchi
PH05455,62,Male,Mira-Bhayandar
PH05456,20,Female,Rewa
PH05457,28,Male,Ongole
PH05458,50,Female,Moradabad
PH05459,28,Male,Rohtak
PH05460,67,Female,Haldia
PH05461,79,Male,Patna
PH05462,68,Female,Khora 
PH05463,59,Male,Fatehpur
PH05464,46,Male,Muzaffarpur
PH05465,34,Female,Panihati
PH05466,58,Female,Mau
PH05467,53,Female,Durgapur
PH05468,60,Female,Asansol
PH05469,19,Male,Avadi
PH05470,55,Female,Malegaon
PH05471,72,Male,Anand
PH05472,77,Male,Mehsana
PH05473,53,Female,Haridwar
PH05474,77,Male,Vellore
PH05475,19,Male,Nagaon
PH05476,67,Female,Durg
PH05477,57,Female,Aurangabad
PH05478,45,Female,Belgaum
PH05479,26,Male,Ambattur
PH05480,73,Female,Kolhapur
PH05481,61,Female,Madurai
PH05482,52,Male,Karaikudi
PH05483,43,Male,Siwan
PH05484,73,Female,Jamshedpur
PH05485,26,Female,Jalandhar
PH05486,22,Male,Dindigul
PH05487,66,Male,Maheshtala
PH05488,55,Male,Rajahmundry
PH05489,32,Male,Guntur
PH05490,74,Female,Nagpur
PH05491,40,Female,Bellary
PH05492,32,Female,Ambala
PH05493,31,Male,Secunderabad
PH05494,58,Female,Mysore
PH05495,75,Female,Bellary
PH05496,64,Female,Rourkela
PH05497,62,Male,Jaipur
PH05498,23,Female,Imphal
PH05499,24,Female,Berhampur
PH05500,67,Female,Bhusawal
PH05501,77,Male,Ambala
PH05502,78,Male,Vellore
PH05503,51,Male,Cuttack
PH05504,54,Male,Loni
PH05505,20,Male,Chapra
PH05506,38,Female,Ajmer
PH05507,74,Male,Panipat
PH05508,66,Female,Mango
PH05509,33,Female,Purnia
PH05510,70,Male,Howrah
PH05511,19,Male,Surat
PH05512,64,Female,Tezpur
PH05513,30,Female,Bahraich
PH05514,39,Female,Mango
PH05515,48,Female,Guntur
PH05516,71,Female,Imphal
PH05517,32,Male,Katni
PH05518,46,Male,Silchar
PH05519,44,Male,Purnia
PH05520,32,Male,Ichalkaranji
PH05521,46,Male,Patna
PH05522,59,Female,Hospet
PH05523,36,Male,Baranagar
PH05524,32,Male,Allahabad
PH05525,19,Male,Ghaziabad
PH05526,39,Female,South Dumdum
PH05527,64,Female,Siliguri
PH05528,35,Female,Howrah
PH05529,37,Male,Surat
PH05530,44,Female,Solapur
PH05531,24,Female,Suryapet
PH05532,31,Female,Karawal Nagar
PH05533,32,Female,Thiruvananthapuram
PH05534,27,Female,Narasaraopet
PH05535,34,Male,Shivpuri
PH05536,56,Male,Uluberia
PH05537,80,Female,Gwalior
PH05538,45,Female,Bijapur
PH05539,58,Female,Dewas
PH05540,39,Male,Faridabad
PH05541,72,Male,Thane
PH05542,37,Female,Udupi
PH05543,47,Female,Khora 
PH05544,60,Male,Imphal
PH05545,24,Male,Serampore
PH05546,29,Female,Mahbubnagar
PH05547,28,Male,Amroha
PH05548,61,Female,Panchkula
PH05549,22,Female,Hapur
PH05550,33,Male,Gopalpur
PH05551,71,Male,Gulbarga
PH05552,53,Male,Narasaraopet
PH05553,55,Female,Hindupur
PH05554,66,Female,Surat
PH05555,71,Male,Bihar Sharif
PH05556,57,Female,Bhusawal
PH05557,35,Female,Ambarnath
PH05558,79,Male,Agartala
PH05559,47,Female,Raebareli
PH05560,31,Female,Tiruppur
PH05561,31,Male,Panihati
PH05562,78,Male,New Delhi
PH05563,60,Male,Mau
PH05564,47,Female,Firozabad
PH05565,43,Male,Bellary
PH05566,74,Female,Imphal
PH05567,71,Female,Shimoga
PH05568,61,Male,Ambarnath
PH05569,33,Female,Hajipur
PH05570,21,Female,Kurnool
PH05571,64,Female,Secunderabad
PH05572,69,Female,Bellary
PH05573,74,Female,Sonipat
PH05574,26,Male,Jaipur
PH05575,35,Male,Kota
PH05576,33,Female,South Dumdum
PH05577,49,Male,Mau
PH05578,73,Male,Chittoor
PH05579,45,Male,Etawah
PH05580,51,Male,South Dumdum
PH05581,71,Female,Rajahmundry
PH05582,74,Female,Karawal Nagar
PH05583,67,Male,Naihati
PH05584,72,Male,Mau
PH05585,80,Female,Panihati
PH05586,50,Male,Etawah
PH05587,77,Female,Amaravati
PH05588,32,Male,Bharatpur
PH05589,54,Female,Ozhukarai
PH05590,65,Female,Mirzapur
PH05591,76,Male,Amritsar
PH05592,23,Male,Shimoga
PH05593,71,Female,Muzaffarnagar
PH05594,71,Female,Tadipatri
PH05595,74,Female,Bhavnagar
PH05596,62,Female,Udaipur
PH05597,56,Female,Ghaziabad
PH05598,33,Male,Mumbai
PH05599,23,Female,Katihar
PH05600,75,Female,Surat
PH05601,71,Female,Patna
PH05602,69,Male,Imphal
PH05603,32,Female,Ballia
PH05604,29,Female,Khandwa
PH05605,53,Female,Morbi
PH05606,73,Male,Dharmavaram
PH05607,44,Female,Uluberia
PH05608,78,Female,Thoothukudi
PH05609,59,Female,Ozhukarai
PH05610,28,Male,Coimbatore
PH05611,71,Female,Kota
PH05612,68,Female,Sambhal
PH05613,60,Male,Gwalior
PH05614,38,Male,Ulhasnagar
PH05615,41,Male,Shimoga
PH05616,48,Male,Bikaner
PH05617,68,Male,Gwalior
PH05618,42,Female,Tadepalligudem
PH05619,62,Female,Kozhikode
PH05620,33,Male,Chapra
PH05621,49,Male,Tiruppur
PH05622,61,Male,Proddatur
PH05623,77,Female,Nizamabad
PH05624,46,Female,Uluberia
PH05625,30,Male,Aurangabad
PH05626,27,Male,Sambalpur
PH05627,38,Male,Hyderabad
PH05628,39,Male,Sangli-Miraj & Kupwad
PH05629,25,Male,Junagadh
PH05630,23,Female,Bhiwandi
PH05631,80,Female,Hospet
PH05632,64,Female,Panchkula
PH05633,51,Male,Proddatur
PH05634,24,Male,Gorakhpur
PH05635,37,Female,Kurnool
PH05636,23,Female,Mehsana
PH05637,71,Male,Buxar
PH05638,60,Female,Baranagar
PH05639,36,Female,Kakinada
PH05640,60,Male,Dhanbad
PH05641,47,Male,Kollam
PH05642,69,Female,Nadiad
PH05643,78,Male,Jaunpur
PH05644,51,Female,Bikaner
PH05645,19,Female,Gurgaon
PH05646,51,Male,Fatehpur
PH05647,36,Male,Guntakal
PH05648,63,Male,Jabalpur
PH05649,42,Male,North Dumdum
PH05650,22,Male,Dibrugarh
PH05651,73,Female,Hapur
PH05652,21,Male,Sagar
PH05653,60,Male,Solapur
PH05654,39,Male,Vijayanagaram
PH05655,58,Male,Latur
PH05656,33,Male,Ozhukarai
PH05657,49,Female,Tinsukia
PH05658,54,Female,Bathinda
PH05659,64,Female,Bijapur
PH05660,69,Female,Pallavaram
PH05661,44,Female,Ludhiana
PH05662,39,Female,South Dumdum
PH05663,26,Female,Etawah
PH05664,55,Female,Jaunpur
PH05665,64,Male,Kurnool
PH05666,57,Male,Bijapur
PH05667,53,Female,Serampore
PH05668,72,Female,Sri Ganganagar
PH05669,39,Male,Hajipur
PH05670,27,Male,Mangalore
PH05671,30,Female,Medininagar
PH05672,29,Female,Dehri
PH05673,68,Male,Bihar Sharif
PH05674,68,Male,Ajmer
PH05675,56,Female,Jhansi
PH05676,24,Male,Tadepalligudem
PH05677,73,Female,Jodhpur
PH05678,18,Female,Danapur
PH05679,23,Female,Vijayanagaram
PH05680,77,Male,Sri Ganganagar
PH05681,68,Female,Bhagalpur
PH05682,71,Female,Mango
PH05683,30,Male,Bellary
PH05684,29,Female,Madhyamgram
PH05685,41,Female,Mathura
PH05686,35,Male,Karawal Nagar
PH05687,47,Female,Amaravati
PH05688,78,Female,Malegaon
PH05689,43,Female,Panchkula
PH05690,25,Male,Imphal
PH05691,20,Female,Jalgaon
PH05692,25,Female,Shimoga
PH05693,71,Female,Tirunelveli
PH05694,34,Female,Ajmer
PH05695,57,Male,Shivpuri
PH05696,54,Female,Kumbakonam
PH05697,62,Male,Moradabad
PH05698,78,Male,Tirupati
PH05699,37,Male,Kavali
PH05700,58,Female,Malda
PH05701,24,Female,Kottayam
PH05702,21,Male,Naihati
PH05703,79,Female,Mathura
PH05704,63,Female,Ahmedabad
PH05705,59,Female,Bongaigaon
PH05706,28,Male,Sangli-Miraj & Kupwad
PH05707,60,Female,Kollam
PH05708,33,Male,Amroha
PH05709,52,Female,Howrah
PH05710,69,Male,Dindigul
PH05711,64,Male,Suryapet
PH05712,41,Male,Silchar
PH05713,55,Male,Pimpri-Chinchwad
PH05714,59,Female,Mehsana
PH05715,57,Male,Adoni
PH05716,74,Male,Hazaribagh
PH05717,24,Female,Dewas
PH05718,43,Female,Agra
PH05719,65,Male,Dhanbad
PH05720,39,Female,Meerut
PH05721,59,Female,Bihar Sharif
PH05722,74,Female,Thrissur
PH05723,65,Female,Machilipatnam
PH05724,43,Male,Bhagalpur
PH05725,53,Female,Raipur
PH05726,73,Female,Gangtok
PH05727,80,Male,Hosur
PH05728,62,Male,Hajipur
PH05729,43,Female,Sangli-Miraj & Kupwad
PH05730,18,Male,Aligarh
PH05731,76,Female,Fatehpur
PH05732,47,Female,Rajahmundry
PH05733,70,Female,Berhampore
PH05734,30,Male,Singrauli
PH05735,68,Male,Rajkot
PH05736,43,Male,Gandhinagar
PH05737,26,Female,Rampur
PH05738,68,Male,Ramagundam
PH05739,34,Male,Sagar
PH05740,75,Female,Ludhiana
PH05741,53,Female,Hosur
PH05742,22,Female,Srinagar
PH05743,26,Female,Pondicherry
PH05744,42,Male,Panihati
PH05745,25,Male,Sirsa
PH05746,76,Male,Madanapalle
PH05747,76,Female,Kirari Suleman Nagar
PH05748,43,Female,Mau
PH05749,80,Female,Eluru
PH05750,25,Male,Gandhinagar
PH05751,45,Male,Visakhapatnam
PH05752,65,Female,Tiruchirappalli
PH05753,34,Female,Phagwara
PH05754,65,Male,Bally
PH05755,63,Female,Sri Ganganagar
PH05756,26,Male,Kadapa
PH05757,64,Female,Bellary
PH05758,29,Male,Raebareli
PH05759,64,Male,Ongole
PH05760,38,Male,Hyderabad
PH05761,80,Female,Sagar
PH05762,61,Female,Kozhikode
PH05763,35,Female,Bhubaneswar
PH05764,80,Female,Adoni
PH05765,77,Female,Ichalkaranji
PH05766,27,Male,Danapur
PH05767,18,Male,Avadi
PH05768,52,Male,Kharagpur
PH05769,65,Female,Jaunpur
PH05770,72,Male,Hapur
PH05771,68,Male,Nagpur
PH05772,21,Male,Saharsa
PH05773,33,Female,Raipur
PH05774,41,Female,Anantapur
PH05775,74,Male,Gulbarga
PH05776,44,Male,Patiala
PH05777,44,Female,Darbhanga
PH05778,39,Male,Gudivada
PH05779,26,Female,Bhiwani
PH05780,65,Male,Ambala
PH05781,71,Male,Kozhikode
PH05782,47,Female,Agartala
PH05783,33,Male,Kota
PH05784,57,Male,Nanded
PH05785,80,Female,Khandwa
PH05786,55,Male,Sagar
PH05787,24,Female,Ichalkaranji
PH05788,58,Male,Kochi
PH05789,44,Female,Vadodara
PH05790,77,Female,Raebareli
PH05791,51,Male,Bokaro
PH05792,65,Male,Gangtok
PH05793,50,Female,Bokaro
PH05794,64,Male,Maheshtala
PH05795,52,Female,Shivpuri
PH05796,53,Male,Siliguri
PH05797,66,Female,Haridwar
PH05798,29,Female,Kirari Suleman Nagar
PH05799,36,Female,Bathinda
PH05800,73,Male,Gurgaon
PH05801,76,Male,Mira-Bhayandar
PH05802,32,Male,Mathura
PH05803,58,Male,Nizamabad
PH05804,44,Female,Ballia
PH05805,25,Male,Secunderabad
PH05806,73,Male,Jammu
PH05807,40,Female,Durgapur
PH05808,18,Female,Visakhapatnam
PH05809,52,Female,Bangalore
PH05810,19,Male,Kochi
PH05811,60,Female,Kolkata
PH05812,21,Male,Mahbubnagar
PH05813,69,Female,Bhind
PH05814,69,Female,Hyderabad
PH05815,46,Male,Pallavaram
PH05816,71,Male,Parbhani
PH05817,50,Female,Sangli-Miraj & Kupwad
PH05818,73,Male,Jodhpur
PH05819,50,Male,Pudukkottai
PH05820,31,Female,Saharanpur
PH05821,73,Male,Pali
PH05822,19,Female,Morbi
PH05823,71,Female,Bhatpara
PH05824,66,Male,Ranchi
PH05825,62,Female,Gangtok
PH05826,42,Male,Bhiwandi
PH05827,36,Male,Hajipur
PH05828,35,Male,Shahjahanpur
PH05829,50,Female,Raichur
PH05830,25,Female,Kolkata
PH05831,48,Female,Katihar
PH05832,20,Male,Raiganj
PH05833,79,Male,Kishanganj
PH05834,62,Female,Jalna
PH05835,54,Female,Bhopal
PH05836,31,Female,Meerut
PH05837,33,Female,Kumbakonam
PH05838,28,Female,Pondicherry
PH05839,55,Female,Bilaspur
PH05840,75,Male,Ahmednagar
PH05841,19,Female,Aizawl
PH05842,30,Male,Kakinada
PH05843,74,Female,Bangalore
PH05844,56,Female,Ludhiana
PH05845,76,Female,Ajmer
PH05846,41,Female,Chinsurah
PH05847,56,Female,Tumkur
PH05848,56,Female,Fatehpur
PH05849,30,Female,North Dumdum
PH05850,75,Female,Rajpur Sonarpur
PH05851,23,Female,Haridwar
PH05852,31,Male,Aizawl
PH05853,50,Female,Aurangabad
PH05854,21,Female,Serampore
PH05855,31,Female,Nanded
PH05856,37,Male,Shahjahanpur
PH05857,27,Male,Sri Ganganagar
PH05858,22,Male,Rajkot
PH05859,25,Male,Muzaffarnagar
PH05860,68,Female,Anantapur
PH05861,20,Male,Sikar
PH05862,34,Female,South Dumdum
PH05863,47,Male,Kharagpur
PH05864,74,Male,Udaipur
PH05865,21,Female,Maheshtala
PH05866,64,Male,Avadi
PH05867,23,Male,Nangloi Jat
PH05868,31,Female,Jalna
PH05869,52,Female,Firozabad
PH05870,42,Male,Ambarnath
PH05871,79,Male,Meerut
PH05872,53,Male,Jammu
PH05873,36,Female,Naihati
PH05874,18,Male,Srikakulam
PH05875,61,Female,Khandwa
PH05876,73,Female,Morena
PH05877,44,Female,Tenali
PH05878,69,Male,Morena
PH05879,45,Female,Udupi
PH05880,33,Female,Bhilai
PH05881,24,Female,Bihar Sharif
PH05882,41,Male,Tiruvottiyur
PH05883,54,Female,Mysore
PH05884,67,Male,Vasai-Virar
PH05885,20,Male,Anantapuram
PH05886,41,Female,Kolhapur
PH05887,77,Male,Kurnool
PH05888,52,Female,Dehradun
PH05889,19,Male,Surendranagar Dudhrej
PH05890,71,Male,Chittoor
PH05891,58,Female,Pondicherry
PH05892,64,Female,Dehri
PH05893,60,Male,Gulbarga
PH05894,36,Female,Kharagpur
PH05895,18,Male,Shahjahanpur
PH05896,63,Female,Siliguri
PH05897,64,Female,Visakhapatnam
PH05898,43,Male,Bulandshahr
PH05899,58,Male,Muzaffarpur
PH05900,30,Male,Arrah
PH05901,54,Female,Asansol
PH05902,56,Male,Gudivada
PH05903,59,Male,Dindigul
PH05904,29,Male,Hubli–Dharwad
PH05905,47,Female,Gaya
PH05906,39,Male,Nangloi Jat
PH05907,52,Male,Satara
PH05908,27,Female,Jamshedpur
PH05909,68,Male,Kavali
PH05910,31,Female,Karnal
PH05911,37,Male,Pudukkottai
PH05912,33,Female,Munger
PH05913,49,Female,Ramagundam
PH05914,18,Male,Phagwara
PH05915,72,Male,South Dumdum
PH05916,71,Female,Tadipatri
PH05917,69,Male,Phusro
PH05918,41,Male,Rajahmundry
PH05919,78,Male,Chandigarh
PH05920,20,Male,Raipur
PH05921,38,Female,Udaipur
PH05922,52,Female,Bokaro
PH05923,45,Male,Tirupati
PH05924,43,Female,Burhanpur
PH05925,27,Male,Sultan Pur Majra
PH05926,47,Female,Morbi
PH05927,32,Female,Bijapur
PH05928,30,Male,Bettiah
PH05929,29,Male,Dhanbad
PH05930,73,Female,Serampore
PH05931,34,Female,Gandhidham
PH05932,57,Female,Rampur
PH05933,57,Male,Sikar
PH05934,41,Male,Dehradun
PH05935,38,Female,Chandigarh
PH05936,65,Female,Nanded
PH05937,52,Female,Kakinada
PH05938,62,Female,Rewa
PH05939,44,Female,Alappuzha
PH05940,78,Male,Kirari Suleman Nagar
PH05941,54,Female,Vasai-Virar
PH05942,31,Female,Gulbarga
PH05943,54,Female,Karaikudi
PH05944,20,Male,Chapra
PH05945,21,Female,Surendranagar Dudhrej
PH05946,78,Male,Munger
PH05947,69,Female,Bhusawal
PH05948,24,Female,Jalgaon
PH05949,48,Male,Ramgarh
PH05950,61,Female,Coimbatore
PH05951,61,Female,Bikaner
PH05952,53,Male,Shimoga
PH05953,58,Male,Buxar
PH05954,62,Male,Serampore
PH05955,51,Female,Hubli–Dharwad
PH05956,18,Female,Bhagalpur
PH05957,18,Female,Ulhasnagar
PH05958,70,Female,Gandhidham
PH05959,37,Female,Nagaon
PH05960,59,Female,Haridwar
PH05961,75,Male,Nizamabad
PH05962,69,Female,Nagercoil
PH05963,22,Female,Kanpur
PH05964,29,Female,Bidhannagar
PH05965,63,Male,Mumbai
PH05966,72,Male,Kota
PH05967,49,Male,Kozhikode
PH05968,33,Female,Serampore
PH05969,59,Male,Faridabad
PH05970,34,Male,Ahmednagar
PH05971,40,Female,Ballia
PH05972,64,Female,Dibrugarh
PH05973,76,Male,Khandwa
PH05974,38,Female,Khandwa
PH05975,54,Female,Indore
PH05976,50,Male,Pimpri-Chinchwad
PH05977,43,Female,Mumbai
PH05978,25,Male,Bathinda
PH05979,30,Female,Kadapa
PH05980,22,Male,Nadiad
PH05981,74,Female,Raichur
PH05982,75,Male,Bhind
PH05983,52,Male,Tiruppur
PH05984,53,Male,Kottayam
PH05985,20,Female,Nanded
PH05986,52,Male,Secunderabad
PH05987,74,Male,Sirsa
PH05988,70,Male,Adoni
PH05989,61,Female,Farrukhabad
PH05990,75,Female,Ramagundam
PH05991,57,Male,Bihar Sharif
PH05992,19,Female,Cuttack
PH05993,33,Male,Ratlam
PH05994,50,Male,Thoothukudi
PH05995,18,Male,Vijayanagaram
PH05996,29,Female,Machilipatnam
PH05997,75,Male,Nagercoil
PH05998,74,Female,Darbhanga
PH05999,45,Female,Buxar
PH06000,34,Male,Rohtak
PH06001,40,Male,Chandrapur
PH06002,35,Male,Saharsa
PH06003,53,Male,Shivpuri
PH06004,29,Male,Arrah
PH06005,58,Female,Nanded
PH06006,59,Male,Dewas
PH06007,66,Female,Aurangabad
PH06008,80,Female,Satna
PH06009,34,Female,Kishanganj
PH06010,19,Male,Madurai
PH06011,29,Female,Mathura
PH06012,59,Female,Davanagere
PH06013,31,Female,Vasai-Virar
PH06014,65,Male,Jorhat
PH06015,25,Male,Thane
PH06016,78,Female,Ramgarh
PH06017,29,Female,Tadipatri
PH06018,52,Female,Mirzapur
PH06019,45,Male,Vellore
PH06020,24,Male,Silchar
PH06021,60,Female,Amravati
PH06022,55,Female,Loni
PH06023,62,Male,Saharsa
PH06024,19,Male,Tiruppur
PH06025,70,Female,Nangloi Jat
PH06026,50,Female,Singrauli
PH06027,27,Male,Muzaffarnagar
PH06028,69,Female,Visakhapatnam
PH06029,59,Male,Bhilwara
PH06030,68,Female,Gorakhpur
PH06031,71,Female,Meerut
PH06032,30,Male,Munger
PH06033,26,Female,Srikakulam
PH06034,48,Male,Ramgarh
PH06035,70,Female,Warangal
PH06036,37,Female,Karimnagar
PH06037,50,Male,Deoghar
PH06038,58,Female,Guntur
PH06039,52,Female,Kochi
PH06040,23,Male,Bhavnagar
PH06041,79,Male,Belgaum
PH06042,35,Male,Burhanpur
PH06043,61,Female,Haridwar
PH06044,23,Male,Bongaigaon
PH06045,77,Male,Gaya
PH06046,51,Female,Sambhal
PH06047,29,Female,Gangtok
PH06048,31,Female,Bhalswa Jahangir Pur
PH06049,70,Male,Bokaro
PH06050,25,Female,Mahbubnagar
PH06051,41,Female,Jamshedpur
PH06052,76,Male,Bally
PH06053,73,Female,Mathura
PH06054,42,Female,Jalna
PH06055,18,Female,Ongole
PH06056,72,Female,Sri Ganganagar
PH06057,20,Male,Berhampore
PH06058,62,Male,Guna
PH06059,64,Male,Gangtok
PH06060,31,Female,Hubli–Dharwad
PH06061,59,Female,Madhyamgram
PH06062,77,Male,Hubli–Dharwad
PH06063,57,Female,Bidar
PH06064,33,Male,Ghaziabad
PH06065,44,Female,Nashik
PH06066,53,Male,Kharagpur
PH06067,30,Female,Farrukhabad
PH06068,79,Male,Berhampur
PH06069,63,Male,Uluberia
PH06070,31,Female,Panchkula
PH06071,18,Male,Sonipat
PH06072,61,Male,Chandrapur
PH06073,24,Male,Imphal
PH06074,33,Male,Ozhukarai
PH06075,63,Male,Panchkula
PH06076,54,Female,Warangal
PH06077,67,Female,Miryalaguda
PH06078,79,Female,Ludhiana
PH06079,46,Male,Sultan Pur Majra
PH06080,58,Male,Ahmednagar
PH06081,76,Female,Nandyal
PH06082,78,Male,Farrukhabad
PH06083,72,Male,Imphal
PH06084,41,Male,Yamunanagar
PH06085,28,Male,Mirzapur
PH06086,61,Female,Kochi
PH06087,33,Female,Sirsa
PH06088,79,Male,Akola
PH06089,62,Male,Muzaffarpur
PH06090,45,Female,Bhilwara
PH06091,70,Female,Bellary
PH06092,62,Female,Loni
PH06093,48,Female,Kalyan-Dombivli
PH06094,30,Male,Hosur
PH06095,39,Male,Kadapa
PH06096,76,Male,Nandyal
PH06097,28,Female,Suryapet
PH06098,57,Female,Rajkot
PH06099,47,Male,Mangalore
PH06100,65,Male,Morena
PH06101,68,Male,Dehri
PH06102,33,Male,Bally
PH06103,39,Male,Asansol
PH06104,44,Male,Hosur
PH06105,51,Male,Burhanpur
PH06106,79,Female,Adoni
PH06107,30,Female,Kolhapur
PH06108,65,Male,Cuttack
PH06109,40,Male,Junagadh
PH06110,72,Male,Nellore
PH06111,31,Male,Shimoga
PH06112,42,Male,Hazaribagh
PH06113,20,Male,Madanapalle
PH06114,40,Female,Anantapur
PH06115,26,Female,Bangalore
PH06116,33,Male,Varanasi
PH06117,42,Male,Shahjahanpur
PH06118,37,Female,Bokaro
PH06119,61,Female,Ichalkaranji
PH06120,63,Female,Gudivada
PH06121,80,Male,Ulhasnagar
PH06122,32,Male,Vadodara
PH06123,30,Female,Sasaram
PH06124,28,Male,Junagadh
PH06125,68,Male,Hosur
PH06126,45,Female,Dewas
PH06127,50,Male,Mathura
PH06128,64,Male,Amroha
PH06129,80,Male,Bhilai
PH06130,23,Female,Davanagere
PH06131,18,Male,Ambattur
PH06132,66,Female,Arrah
PH06133,76,Female,Fatehpur
PH06134,21,Female,Tadepalligudem
PH06135,59,Female,Tumkur
PH06136,75,Female,Etawah
PH06137,47,Male,Dewas
PH06138,50,Female,Kanpur
PH06139,32,Male,Nandyal
PH06140,55,Female,Hindupur
PH06141,19,Male,Bhopal
PH06142,63,Female,Nangloi Jat
PH06143,37,Female,Maheshtala
PH06144,71,Male,Silchar
PH06145,64,Female,Ichalkaranji
PH06146,77,Male,Surendranagar Dudhrej
PH06147,41,Male,Dehradun
PH06148,74,Male,Bhusawal
PH06149,20,Male,Solapur
PH06150,55,Female,Dharmavaram
PH06151,80,Male,Lucknow
PH06152,37,Male,Cuttack
PH06153,55,Female,Satara
PH06154,78,Male,Bathinda
PH06155,49,Male,Ludhiana
PH06156,28,Male,Nandyal
PH06157,54,Male,Srinagar
PH06158,66,Female,Malegaon
PH06159,80,Male,Jaipur
PH06160,72,Male,Katihar
PH06161,30,Male,Chittoor
PH06162,40,Female,Faridabad
PH06163,80,Female,Kottayam
PH06164,52,Male,Vasai-Virar
PH06165,56,Male,Pallavaram
PH06166,33,Male,Tadepalligudem
PH06167,40,Male,Kadapa
PH06168,42,Female,Hazaribagh
PH06169,77,Male,Jabalpur
PH06170,67,Female,Korba
PH06171,35,Female,Morbi
PH06172,56,Male,Ratlam
PH06173,68,Female,Vellore
PH06174,69,Male,Tumkur
PH06175,71,Male,Indore
PH06176,31,Female,Tumkur
PH06177,41,Male,Surendranagar Dudhrej
PH06178,66,Male,Sagar
PH06179,21,Female,Akola
PH06180,61,Male,Panvel
PH06181,80,Female,Dewas
PH06182,55,Female,Guna
PH06183,53,Female,Bokaro
PH06184,55,Female,Hospet
PH06185,80,Male,Silchar
PH06186,35,Male,Madurai
PH06187,43,Male,Ghaziabad
PH06188,28,Female,Akola
PH06189,24,Male,Ongole
PH06190,64,Female,Bongaigaon
PH06191,40,Female,Thrissur
PH06192,74,Female,Chittoor
PH06193,48,Female,Akola
PH06194,60,Female,Ujjain
PH06195,80,Female,Chennai
PH06196,36,Female,Surat
PH06197,55,Female,Kochi
PH06198,80,Male,Varanasi
PH06199,69,Male,Kota
PH06200,50,Female,Ahmedabad
PH06201,41,Male,Kolkata
PH06202,23,Male,Durgapur
PH06203,56,Female,Bhalswa Jahangir Pur
PH06204,77,Female,Kulti
PH06205,28,Female,Cuttack
PH06206,67,Male,Howrah
PH06207,70,Male,Ranchi
PH06208,64,Female,Munger
PH06209,43,Male,Satara
PH06210,71,Female,Barasat
PH06211,31,Female,Tiruchirappalli
PH06212,32,Male,Jalgaon
PH06213,32,Female,Karnal
PH06214,77,Male,Junagadh
PH06215,28,Male,Bokaro
PH06216,59,Male,Guntakal
PH06217,40,Female,New Delhi
PH06218,74,Female,Gwalior
PH06219,43,Female,Anantapuram
PH06220,77,Female,Kalyan-Dombivli
PH06221,38,Female,Gulbarga
PH06222,21,Male,Jalna
PH06223,36,Female,South Dumdum
PH06224,30,Male,Kishanganj
PH06225,67,Male,Cuttack
PH06226,32,Female,Mehsana
PH06227,44,Male,Bhilai
PH06228,48,Male,Gaya
PH06229,74,Male,Jorhat
PH06230,43,Female,Thanjavur
PH06231,73,Female,Ambarnath
PH06232,21,Male,Shivpuri
PH06233,58,Male,Bijapur
PH06234,30,Male,Bhiwandi
PH06235,75,Female,Madhyamgram
PH06236,35,Male,Panipat
PH06237,43,Female,Orai
PH06238,72,Male,Firozabad
PH06239,20,Female,Meerut
PH06240,58,Female,Indore
PH06241,60,Male,North Dumdum
PH06242,47,Female,Belgaum
PH06243,61,Male,Uluberia
PH06244,63,Female,Aligarh
PH06245,60,Male,Thrissur
PH06246,62,Male,Ghaziabad
PH06247,63,Male,Bilaspur
PH06248,67,Male,Chinsurah
PH06249,77,Male,Rajahmundry
PH06250,18,Male,Bhiwandi
PH06251,20,Male,Chapra
PH06252,77,Female,Bettiah
PH06253,34,Male,Kolhapur
PH06254,22,Male,Amritsar
PH06255,75,Female,Patna
PH06256,32,Male,Kharagpur
PH06257,46,Male,Kirari Suleman Nagar
PH06258,32,Female,Chapra
PH06259,59,Male,Coimbatore
PH06260,73,Female,Arrah
PH06261,77,Male,Mirzapur
PH06262,36,Male,Thiruvananthapuram
PH06263,69,Female,Jammu
PH06264,50,Female,Mumbai
PH06265,24,Male,Jaipur
PH06266,48,Female,Baranagar
PH06267,53,Male,Thoothukudi
PH06268,21,Male,Chennai
PH06269,48,Female,Chandigarh
PH06270,34,Male,Kolhapur
PH06271,71,Female,Korba
PH06272,74,Female,Bareilly
PH06273,32,Male,Arrah
PH06274,44,Female,Guntur
PH06275,60,Female,Yamunanagar
PH06276,71,Male,Proddatur
PH06277,59,Male,Bhusawal
PH06278,29,Female,Uluberia
PH06279,35,Female,Sri Ganganagar
PH06280,72,Male,Shahjahanpur
PH06281,28,Male,Malda
PH06282,64,Male,Dhanbad
PH06283,20,Male,Aligarh
PH06284,66,Male,Aizawl
PH06285,45,Female,Moradabad
PH06286,33,Female,Barasat
PH06287,48,Male,Mumbai
PH06288,73,Male,Machilipatnam
PH06289,52,Male,Muzaffarpur
PH06290,45,Female,Bokaro
PH06291,40,Female,Bikaner
PH06292,42,Female,Siliguri
PH06293,47,Female,Chandigarh
PH06294,57,Female,Deoghar
PH06295,28,Male,Rampur
PH06296,39,Male,Rohtak
PH06297,70,Male,Nangloi Jat
PH06298,80,Female,Erode
PH06299,69,Male,Madurai
PH06300,34,Female,Hazaribagh
PH06301,39,Female,Gorakhpur
PH06302,66,Male,Hindupur
PH06303,43,Female,Allahabad
PH06304,60,Female,Patiala
PH06305,67,Female,Munger
PH06306,59,Male,Baranagar
PH06307,57,Female,Mirzapur
PH06308,29,Male,Bilaspur
PH06309,51,Male,Amritsar
PH06310,29,Male,Gurgaon
PH06311,80,Male,Bhiwani
PH06312,52,Female,Vasai-Virar
PH06313,66,Male,Rampur
PH06314,49,Male,Bhubaneswar
PH06315,70,Male,Jalgaon
PH06316,35,Female,Dhule
PH06317,50,Female,Pimpri-Chinchwad
PH06318,19,Female,Bhilwara
PH06319,42,Male,Chittoor
PH06320,65,Female,Nizamabad
PH06321,54,Female,Guntur
PH06322,53,Female,Chapra
PH06323,21,Female,Korba
PH06324,72,Female,Arrah
PH06325,56,Male,Sambalpur
PH06326,74,Female,Aligarh
PH06327,71,Female,Vijayawada
PH06328,53,Male,Firozabad
PH06329,78,Male,Gurgaon
PH06330,65,Female,Raebareli
PH06331,79,Female,Mehsana
PH06332,29,Female,Hindupur
PH06333,40,Male,Etawah
PH06334,68,Male,Arrah
PH06335,19,Female,Korba
PH06336,48,Female,Nadiad
PH06337,40,Male,Buxar
PH06338,38,Female,Suryapet
PH06339,57,Female,Bulandshahr
PH06340,37,Female,Medininagar
PH06341,67,Female,Noida
PH06342,78,Male,Satna
PH06343,33,Female,Madanapalle
PH06344,55,Male,Pune
PH06345,52,Male,Moradabad
PH06346,21,Male,Noida
PH06347,74,Male,Bhimavaram
PH06348,44,Female,Darbhanga
PH06349,71,Male,Patna
PH06350,66,Male,Akola
PH06351,65,Female,Nangloi Jat
PH06352,57,Female,Tiruppur
PH06353,23,Female,Rajahmundry
PH06354,18,Female,Mau
PH06355,62,Female,Hyderabad
PH06356,36,Female,Rohtak
PH06357,64,Female,Bhusawal
PH06358,37,Male,Hubli–Dharwad
PH06359,30,Male,Khora 
PH06360,39,Male,Visakhapatnam
PH06361,33,Male,Shivpuri
PH06362,51,Female,Jodhpur
PH06363,19,Male,Hyderabad
PH06364,63,Male,Mangalore
PH06365,66,Male,Vijayanagaram
PH06366,54,Female,Avadi
PH06367,56,Male,Jehanabad
PH06368,73,Male,Mango
PH06369,23,Male,Kamarhati
PH06370,65,Female,Sirsa
PH06371,64,Male,Loni
PH06372,63,Female,Chandigarh
PH06373,21,Male,Bally
PH06374,72,Male,Eluru
PH06375,78,Female,Bathinda
PH06376,71,Female,Bhilai
PH06377,37,Male,Shahjahanpur
PH06378,69,Female,Ongole
PH06379,37,Male,Mangalore
PH06380,57,Male,Madhyamgram
PH06381,70,Female,Jammu
PH06382,20,Female,Pune
PH06383,48,Male,Agra
PH06384,78,Female,Bhilai
PH06385,54,Female,Delhi
PH06386,63,Male,Agra
PH06387,20,Male,Chennai
PH06388,37,Male,Kadapa
PH06389,38,Male,Dindigul
PH06390,53,Male,Ghaziabad
PH06391,27,Female,Sultan Pur Majra
PH06392,74,Male,Nellore
PH06393,78,Male,Bidhannagar
PH06394,28,Female,Srinagar
PH06395,65,Female,Ambarnath
PH06396,25,Male,Srinagar
PH06397,22,Male,Bikaner
PH06398,66,Male,Mango
PH06399,25,Female,Shimoga
PH06400,49,Male,Haridwar
PH06401,34,Female,Bhiwani
PH06402,54,Male,Patna
PH06403,29,Female,Uluberia
PH06404,52,Female,Kurnool
PH06405,28,Female,Jabalpur
PH06406,38,Male,Bikaner
PH06407,71,Male,Munger
PH06408,58,Female,Kollam
PH06409,52,Female,Pune
PH06410,61,Male,Bhimavaram
PH06411,77,Female,North Dumdum
PH06412,22,Male,Gudivada
PH06413,65,Female,Thane
PH06414,67,Male,Kozhikode
PH06415,75,Male,Proddatur
PH06416,71,Male,Bhiwandi
PH06417,35,Female,Karnal
PH06418,33,Male,Arrah
PH06419,53,Male,Sambhal
PH06420,18,Female,Jhansi
PH06421,43,Female,Gorakhpur
PH06422,70,Female,Sambalpur
PH06423,61,Male,Morena
PH06424,27,Male,Rajahmundry
PH06425,52,Female,Gulbarga
PH06426,55,Male,Panvel
PH06427,61,Female,Fatehpur
PH06428,55,Male,Saharsa
PH06429,18,Female,Coimbatore
PH06430,35,Male,Amaravati
PH06431,60,Female,Haldia
PH06432,50,Male,Naihati
PH06433,71,Male,Ahmednagar
PH06434,45,Male,Karimnagar
PH06435,39,Female,Guntakal
PH06436,72,Female,Bihar Sharif
PH06437,31,Female,Kavali
PH06438,21,Female,Baranagar
PH06439,30,Male,Jhansi
PH06440,45,Female,Jhansi
PH06441,57,Male,Ongole
PH06442,37,Female,Bhiwani
PH06443,45,Female,Tumkur
PH06444,68,Female,Bhilwara
PH06445,63,Female,Bhopal
PH06446,41,Female,Dhanbad
PH06447,55,Female,Kochi
PH06448,38,Female,Mangalore
PH06449,31,Female,Pimpri-Chinchwad
PH06450,45,Male,Chennai
PH06451,52,Female,Bhiwani
PH06452,42,Male,Allahabad
PH06453,79,Female,Sirsa
PH06454,50,Male,Gorakhpur
PH06455,52,Female,Rajpur Sonarpur
PH06456,44,Female,Orai
PH06457,54,Male,Jehanabad
PH06458,75,Female,Saharanpur
PH06459,45,Male,Naihati
PH06460,59,Male,Dehri
PH06461,66,Female,Kurnool
PH06462,23,Female,Rourkela
PH06463,66,Male,Madurai
PH06464,27,Male,Meerut
PH06465,75,Female,Pondicherry
PH06466,43,Male,Moradabad
PH06467,18,Female,Aligarh
PH06468,79,Female,Parbhani
PH06469,69,Female,Pimpri-Chinchwad
PH06470,56,Male,Asansol
PH06471,73,Male,Jaunpur
PH06472,54,Male,Mahbubnagar
PH06473,76,Male,Kirari Suleman Nagar
PH06474,61,Male,Gandhidham
PH06475,62,Male,Ujjain
PH06476,50,Female,Sonipat
PH06477,30,Female,Durg
PH06478,33,Female,Munger
PH06479,22,Male,Gwalior
PH06480,47,Female,Hyderabad
PH06481,32,Female,Rampur
PH06482,51,Male,Guwahati
PH06483,19,Female,Gwalior
PH06484,40,Female,Shimla
PH06485,70,Male,Tadepalligudem
PH06486,36,Female,Raichur
PH06487,50,Male,Bokaro
PH06488,76,Male,Coimbatore
PH06489,57,Male,Darbhanga
PH06490,54,Female,Tiruchirappalli
PH06491,69,Male,Karawal Nagar
PH06492,69,Male,Hubli–Dharwad
PH06493,31,Male,Dhanbad
PH06494,28,Male,Nellore
PH06495,80,Male,Jamnagar
PH06496,79,Male,Bongaigaon
PH06497,20,Male,Amravati
PH06498,78,Male,Ambarnath
PH06499,36,Female,Chandigarh
PH06500,19,Male,Ozhukarai
PH06501,78,Male,Etawah
PH06502,65,Female,Kollam
PH06503,33,Male,Mau
PH06504,76,Male,Bareilly
PH06505,47,Female,Gandhidham
PH06506,36,Female,Shivpuri
PH06507,24,Female,Sultan Pur Majra
PH06508,45,Female,Mira-Bhayandar
PH06509,24,Female,Sambalpur
PH06510,37,Female,Gopalpur
PH06511,27,Male,Ranchi
PH06512,55,Female,Rajahmundry
PH06513,43,Male,Bhind
PH06514,80,Male,Bhind
PH06515,22,Male,Sultan Pur Majra
PH06516,41,Female,Phusro
PH06517,77,Female,Jamnagar
PH06518,44,Female,Panvel
PH06519,20,Male,Durg
PH06520,55,Male,Pallavaram
PH06521,20,Female,Ahmedabad
PH06522,30,Female,Tadipatri
PH06523,45,Male,Kurnool
PH06524,66,Female,Ulhasnagar
PH06525,22,Male,Latur
PH06526,36,Male,Mira-Bhayandar
PH06527,74,Female,Jamnagar
PH06528,73,Female,Bettiah
PH06529,46,Male,Sonipat
PH06530,26,Male,Bihar Sharif
PH06531,37,Male,Gwalior
PH06532,34,Female,Pudukkottai
PH06533,79,Female,Dewas
PH06534,51,Male,Singrauli
PH06535,21,Male,Nagpur
PH06536,48,Male,Chandigarh
PH06537,50,Female,Mahbubnagar
PH06538,47,Female,Bhiwani
PH06539,75,Male,Amravati
PH06540,48,Male,Hospet
PH06541,71,Female,Coimbatore
PH06542,57,Female,Nagercoil
PH06543,73,Male,Alappuzha
PH06544,54,Male,Avadi
PH06545,73,Male,Jamnagar
PH06546,47,Male,Noida
PH06547,29,Female,Dibrugarh
PH06548,66,Male,Yamunanagar
PH06549,65,Male,Udupi
PH06550,64,Male,Thane
PH06551,42,Male,Pallavaram
PH06552,73,Female,Korba
PH06553,39,Female,Chinsurah
PH06554,70,Male,Bathinda
PH06555,63,Female,Rourkela
PH06556,37,Male,Raiganj
PH06557,51,Male,Bhatpara
PH06558,32,Male,Suryapet
PH06559,20,Female,Motihari
PH06560,65,Male,Jabalpur
PH06561,70,Female,Malegaon
PH06562,64,Male,Aizawl
PH06563,54,Male,Srinagar
PH06564,49,Male,Silchar
PH06565,18,Male,Bhalswa Jahangir Pur
PH06566,54,Male,Delhi
PH06567,75,Male,Bokaro
PH06568,29,Male,Gangtok
PH06569,78,Male,Kharagpur
PH06570,60,Female,Hubli–Dharwad
PH06571,60,Female,Nagercoil
PH06572,52,Female,Kurnool
PH06573,80,Male,Tirunelveli
PH06574,23,Male,Darbhanga
PH06575,32,Female,Raurkela Industrial Township
PH06576,21,Female,Chinsurah
PH06577,36,Female,Kolkata
PH06578,22,Male,Kavali
PH06579,76,Male,Bilaspur
PH06580,40,Male,Morena
PH06581,26,Male,Pondicherry
PH06582,80,Female,Visakhapatnam
PH06583,51,Female,Guntur
PH06584,28,Female,Hosur
PH06585,78,Female,Chinsurah
PH06586,70,Male,Jorhat
PH06587,78,Female,Kota
PH06588,49,Female,Shahjahanpur
PH06589,66,Male,Ahmedabad
PH06590,47,Female,Panipat
PH06591,51,Male,Bardhaman
PH06592,75,Male,Pali
PH06593,56,Female,Nizamabad
PH06594,33,Male,Mangalore
PH06595,18,Male,Solapur
PH06596,65,Female,Sasaram
PH06597,66,Male,Raiganj
PH06598,69,Female,Muzaffarpur
PH06599,57,Female,Haldia
PH06600,75,Female,Mathura
PH06601,42,Female,Ichalkaranji
PH06602,59,Male,Gudivada
PH06603,72,Female,Gulbarga
PH06604,30,Female,Mangalore
PH06605,24,Female,Kumbakonam
PH06606,56,Female,Eluru
PH06607,19,Male,Hyderabad
PH06608,50,Female,South Dumdum
PH06609,59,Female,Patna
PH06610,75,Male,Kollam
PH06611,80,Female,Berhampur
PH06612,19,Male,Mahbubnagar
PH06613,19,Male,Berhampur
PH06614,41,Female,Mira-Bhayandar
PH06615,24,Male,Udupi
PH06616,49,Female,Sonipat
PH06617,63,Female,Bardhaman
PH06618,32,Male,Amroha
PH06619,40,Female,Kalyan-Dombivli
PH06620,35,Female,Pimpri-Chinchwad
PH06621,44,Female,Firozabad
PH06622,38,Female,South Dumdum
PH06623,76,Male,Aligarh
PH06624,46,Male,Mirzapur
PH06625,56,Male,Faridabad
PH06626,73,Female,Madhyamgram
PH06627,42,Female,Anantapuram
PH06628,44,Female,Bhalswa Jahangir Pur
PH06629,25,Female,Bareilly
PH06630,44,Male,Kottayam
PH06631,21,Male,Kollam
PH06632,26,Male,Bally
PH06633,70,Male,Bally
PH06634,40,Female,Baranagar
PH06635,25,Female,Gopalpur
PH06636,65,Male,Agra
PH06637,74,Female,Machilipatnam
PH06638,21,Female,Kochi
PH06639,40,Female,Gulbarga
PH06640,45,Male,Farrukhabad
PH06641,27,Male,Hospet
PH06642,35,Female,Jalgaon
PH06643,20,Female,Pudukkottai
PH06644,29,Male,Dhanbad
PH06645,62,Male,Srikakulam
PH06646,74,Female,Jorhat
PH06647,19,Male,Hosur
PH06648,70,Male,Dibrugarh
PH06649,58,Female,Barasat
PH06650,54,Male,New Delhi
PH06651,24,Female,Tezpur
PH06652,54,Male,Singrauli
PH06653,18,Male,Thiruvananthapuram
PH06654,53,Male,Satara
PH06655,33,Male,Nagercoil
PH06656,21,Female,Guntakal
PH06657,78,Female,Tadepalligudem
PH06658,38,Male,Bongaigaon
PH06659,51,Female,Morbi
PH06660,67,Male,Bettiah
PH06661,57,Female,Shahjahanpur
PH06662,76,Male,Amroha
PH06663,74,Female,Sri Ganganagar
PH06664,40,Male,Jamalpur
PH06665,57,Female,Moradabad
PH06666,61,Female,Pudukkottai
PH06667,69,Female,Bidar
PH06668,26,Female,Kakinada
PH06669,47,Male,Rajpur Sonarpur
PH06670,49,Male,Bhind
PH06671,55,Male,Tinsukia
PH06672,26,Female,Jaipur
PH06673,75,Female,Etawah
PH06674,51,Female,Ballia
PH06675,75,Female,Kozhikode
PH06676,75,Male,Muzaffarpur
PH06677,70,Female,Bhalswa Jahangir Pur
PH06678,33,Female,Bhopal
PH06679,30,Male,Warangal
PH06680,35,Male,Kochi
PH06681,58,Male,Secunderabad
PH06682,25,Male,Ongole
PH06683,25,Male,Lucknow
PH06684,59,Male,Ichalkaranji
PH06685,47,Male,Chapra
PH06686,77,Female,Bilaspur
PH06687,62,Male,Pune
PH06688,71,Female,Anand
PH06689,62,Female,Aurangabad
PH06690,32,Female,Hosur
PH06691,38,Female,Durg
PH06692,28,Female,Hospet
PH06693,56,Male,Kolkata
PH06694,54,Male,Erode
PH06695,44,Male,Coimbatore
PH06696,18,Female,Guna
PH06697,44,Female,Hosur
PH06698,28,Male,Kottayam
PH06699,72,Male,Tadipatri
PH06700,30,Female,Tadepalligudem
PH06701,65,Female,Nadiad
PH06702,35,Male,South Dumdum
PH06703,32,Female,Bulandshahr
PH06704,31,Female,Jaipur
PH06705,73,Male,Mangalore
PH06706,77,Female,Bhopal
PH06707,34,Female,Durgapur
PH06708,71,Female,Miryalaguda
PH06709,30,Female,Saharanpur
PH06710,59,Male,Thanjavur
PH06711,18,Male,Bardhaman
PH06712,61,Female,Agartala
PH06713,74,Female,Bokaro
PH06714,46,Male,Bokaro
PH06715,51,Female,Muzaffarnagar
PH06716,58,Female,Davanagere
PH06717,53,Female,Mirzapur
PH06718,53,Female,Jaipur
PH06719,47,Male,Nashik
PH06720,58,Female,Imphal
PH06721,48,Female,Panihati
PH06722,65,Male,Purnia
PH06723,54,Female,Unnao
PH06724,70,Female,Hubli–Dharwad
PH06725,36,Male,Asansol
PH06726,33,Male,Chandrapur
PH06727,57,Male,Tiruvottiyur
PH06728,66,Male,Tiruppur
PH06729,30,Male,Burhanpur
PH06730,21,Female,Muzaffarnagar
PH06731,36,Male,Moradabad
PH06732,69,Male,Pali
PH06733,47,Male,Kakinada
PH06734,73,Male,Navi Mumbai
PH06735,28,Female,Bhopal
PH06736,73,Female,Sasaram
PH06737,28,Male,Raebareli
PH06738,62,Male,Agra
PH06739,27,Male,Hindupur
PH06740,31,Female,Morbi
PH06741,30,Female,New Delhi
PH06742,19,Female,Anantapur
PH06743,72,Male,Jabalpur
PH06744,66,Male,Bareilly
PH06745,22,Male,Bhiwani
PH06746,48,Male,Berhampore
PH06747,44,Female,Mango
PH06748,54,Female,Medininagar
PH06749,18,Female,Raichur
PH06750,53,Male,Ongole
PH06751,79,Female,Davanagere
PH06752,55,Female,Aurangabad
PH06753,66,Female,Haldia
PH06754,55,Female,Delhi
PH06755,41,Female,Madanapalle
PH06756,69,Female,Kurnool
PH06757,32,Male,Eluru
PH06758,24,Female,Haldia
PH06759,79,Male,Madurai
PH06760,39,Male,Giridih
PH06761,25,Female,Nagercoil
PH06762,72,Female,Amroha
PH06763,37,Female,Pimpri-Chinchwad
PH06764,35,Male,Ramagundam
PH06765,43,Male,Malda
PH06766,31,Female,Jhansi
PH06767,28,Female,Bokaro
PH06768,66,Female,Sambhal
PH06769,36,Male,Jalna
PH06770,30,Male,Kanpur
PH06771,29,Female,Hajipur
PH06772,60,Male,Jehanabad
PH06773,53,Male,Anand
PH06774,67,Male,Muzaffarnagar
PH06775,37,Female,Kurnool
PH06776,72,Female,Ludhiana
PH06777,53,Male,Morena
PH06778,24,Male,Hindupur
PH06779,68,Female,Kadapa
PH06780,34,Female,Panchkula
PH06781,45,Female,Uluberia
PH06782,64,Female,Raebareli
PH06783,18,Male,Pali
PH06784,31,Female,Bihar Sharif
PH06785,62,Male,Bharatpur
PH06786,60,Male,Sonipat
PH06787,51,Female,Morbi
PH06788,35,Female,Mathura
PH06789,59,Male,Siliguri
PH06790,18,Female,Tirupati
PH06791,68,Female,Proddatur
PH06792,34,Female,Sirsa
PH06793,78,Male,Proddatur
PH06794,66,Male,Baranagar
PH06795,49,Male,Baranagar
PH06796,37,Male,Bhilwara
PH06797,22,Male,Maheshtala
PH06798,73,Female,Buxar
PH06799,34,Female,Etawah
PH06800,74,Male,Chinsurah
PH06801,54,Female,Rajahmundry
PH06802,28,Male,Bardhaman
PH06803,22,Male,Bhusawal
PH06804,31,Female,Nangloi Jat
PH06805,18,Female,Chittoor
PH06806,50,Female,Ajmer
PH06807,48,Male,Amaravati
PH06808,60,Female,Kollam
PH06809,18,Male,Chinsurah
PH06810,72,Male,Bijapur
PH06811,69,Male,Suryapet
PH06812,41,Male,Tumkur
PH06813,76,Female,Bhiwani
PH06814,27,Female,Tiruchirappalli
PH06815,53,Male,Deoghar
PH06816,29,Male,Surat
PH06817,59,Male,Satara
PH06818,52,Female,Nagercoil
PH06819,38,Female,Solapur
PH06820,36,Female,Jabalpur
PH06821,29,Male,Kota
PH06822,52,Male,Udupi
PH06823,38,Female,Karawal Nagar
PH06824,61,Male,Jhansi
PH06825,71,Female,Bhusawal
PH06826,77,Male,Rajkot
PH06827,27,Male,Tiruchirappalli
PH06828,70,Male,Yamunanagar
PH06829,48,Female,Jammu
PH06830,49,Female,Karawal Nagar
PH06831,68,Female,Anantapuram
PH06832,80,Male,Bulandshahr
PH06833,54,Female,Jaunpur
PH06834,59,Female,Thane
PH06835,56,Male,Bulandshahr
PH06836,61,Male,Tezpur
PH06837,36,Female,Gulbarga
PH06838,57,Female,Amritsar
PH06839,79,Female,Shivpuri
PH06840,75,Female,Vijayanagaram
PH06841,57,Male,Katni
PH06842,78,Female,Aizawl
PH06843,76,Female,Nandyal
PH06844,80,Male,Raurkela Industrial Township
PH06845,69,Female,Jalna
PH06846,31,Male,Chennai
PH06847,62,Male,Ramagundam
PH06848,27,Male,Saharanpur
PH06849,32,Female,Bettiah
PH06850,27,Female,Chennai
PH06851,79,Male,Munger
PH06852,48,Male,Gulbarga
PH06853,42,Female,Noida
PH06854,56,Male,Aligarh
PH06855,74,Female,Rajkot
PH06856,60,Female,Fatehpur
PH06857,23,Female,Pondicherry
PH06858,78,Male,Thoothukudi
PH06859,49,Male,Bhiwani
PH06860,30,Male,Loni
PH06861,50,Female,Ajmer
PH06862,55,Female,Faridabad
PH06863,46,Female,Durgapur
PH06864,58,Male,Malegaon
PH06865,34,Male,Aligarh
PH06866,56,Female,Sambhal
PH06867,45,Male,Surat
PH06868,78,Female,Buxar
PH06869,53,Female,Bhagalpur
PH06870,76,Male,Raiganj
PH06871,19,Female,Bangalore
PH06872,54,Male,Visakhapatnam
PH06873,20,Male,Amritsar
PH06874,28,Female,Yamunanagar
PH06875,41,Male,Tenali
PH06876,56,Male,Munger
PH06877,47,Female,Ajmer
PH06878,74,Male,Begusarai
PH06879,54,Male,Akola
PH06880,43,Female,Bhilwara
PH06881,39,Male,Eluru
PH06882,33,Female,Bilaspur
PH06883,67,Male,Akola
PH06884,55,Female,Thane
PH06885,27,Female,Barasat
PH06886,71,Female,Aligarh
PH06887,34,Male,Haridwar
PH06888,44,Male,Jhansi
PH06889,28,Male,Hospet
PH06890,23,Female,Tiruppur
PH06891,49,Female,Surat
PH06892,53,Female,Rajpur Sonarpur
PH06893,69,Male,Durgapur
PH06894,62,Male,Raurkela Industrial Township
PH06895,33,Male,Bongaigaon
PH06896,39,Female,Raipur
PH06897,51,Male,Aurangabad
PH06898,78,Female,Hindupur
PH06899,57,Male,Thoothukudi
PH06900,48,Female,Dibrugarh
PH06901,28,Male,Sagar
PH06902,18,Male,Aurangabad
PH06903,28,Male,Gwalior
PH06904,62,Female,Malda
PH06905,73,Female,Yamunanagar
PH06906,45,Male,Mau
PH06907,38,Female,Lucknow
PH06908,47,Female,Guntur
PH06909,51,Male,Dehradun
PH06910,72,Female,Chapra
PH06911,38,Female,Yamunanagar
PH06912,62,Female,Fatehpur
PH06913,25,Male,Tumkur
PH06914,45,Male,Belgaum
PH06915,29,Female,Nanded
PH06916,71,Female,Hazaribagh
PH06917,32,Male,Jalandhar
PH06918,35,Male,Jamnagar
PH06919,70,Male,Bhavnagar
PH06920,24,Female,Agartala
PH06921,74,Female,Ajmer
PH06922,46,Female,Hindupur
PH06923,60,Male,Panihati
PH06924,59,Female,South Dumdum
PH06925,71,Female,Giridih
PH06926,48,Male,Tirupati
PH06927,23,Female,Miryalaguda
PH06928,66,Male,Korba
PH06929,67,Female,Chandigarh
PH06930,67,Male,Satara
PH06931,36,Male,Warangal
PH06932,28,Female,Bhusawal
PH06933,64,Female,Kollam
PH06934,47,Male,Ambattur
PH06935,45,Male,Sikar
PH06936,22,Female,Surendranagar Dudhrej
PH06937,26,Male,Saharanpur
PH06938,78,Female,Mysore
PH06939,79,Male,Durgapur
PH06940,58,Female,Amritsar
PH06941,41,Female,Sikar
PH06942,41,Female,Kolkata
PH06943,74,Male,Sri Ganganagar
PH06944,49,Female,Machilipatnam
PH06945,74,Female,Karnal
PH06946,67,Female,Bhilai
PH06947,39,Female,Korba
PH06948,74,Female,Pali
PH06949,78,Male,Rohtak
PH06950,42,Male,Satara
PH06951,36,Female,Srikakulam
PH06952,77,Female,Kadapa
PH06953,77,Male,Bellary
PH06954,44,Female,New Delhi
PH06955,79,Male,Kumbakonam
PH06956,58,Female,Nizamabad
PH06957,57,Female,Bihar Sharif
PH06958,49,Female,Ballia
PH06959,68,Male,Purnia
PH06960,33,Male,Nagercoil
PH06961,77,Male,Kulti
PH06962,66,Female,Durgapur
PH06963,63,Male,Mirzapur
PH06964,59,Male,Thane
PH06965,80,Male,Faridabad
PH06966,78,Male,Bhiwandi
PH06967,38,Male,Kolhapur
PH06968,28,Male,Ujjain
PH06969,21,Male,Loni
PH06970,50,Male,Singrauli
PH06971,62,Male,Chandigarh
PH06972,50,Female,Srikakulam
PH06973,63,Female,Naihati
PH06974,78,Female,Bidhannagar
PH06975,20,Male,Bongaigaon
PH06976,40,Male,Vijayawada
PH06977,38,Male,Bhubaneswar
PH06978,58,Male,Gurgaon
PH06979,29,Female,Ozhukarai
PH06980,78,Male,Malda
PH06981,32,Male,Ozhukarai
PH06982,47,Male,Srinagar
PH06983,46,Male,Narasaraopet
PH06984,64,Male,Rajahmundry
PH06985,71,Male,Jabalpur
PH06986,71,Female,Gandhidham
PH06987,65,Female,Madhyamgram
PH06988,44,Male,Aurangabad
PH06989,30,Male,Fatehpur
PH06990,70,Male,Satara
PH06991,31,Male,Tezpur
PH06992,63,Male,Narasaraopet
PH06993,45,Male,Kolkata
PH06994,20,Male,Hospet
PH06995,52,Male,Sagar
PH06996,59,Male,Avadi
PH06997,21,Male,Rajkot
PH06998,30,Male,Ghaziabad
PH06999,32,Male,Warangal
PH07000,40,Male,Madurai
PH07001,69,Male,Bhubaneswar
PH07002,33,Female,Ghaziabad
PH07003,28,Female,Thrissur
PH07004,35,Female,Bijapur
PH07005,29,Female,Karaikudi
PH07006,43,Male,Kadapa
PH07007,34,Male,Yamunanagar
PH07008,74,Male,Sambhal
PH07009,32,Male,Sikar
PH07010,67,Female,Darbhanga
PH07011,61,Male,Kirari Suleman Nagar
PH07012,73,Female,Naihati
PH07013,64,Male,Hajipur
PH07014,24,Male,Hindupur
PH07015,79,Male,Katni
PH07016,39,Male,Pune
PH07017,72,Male,Amritsar
PH07018,50,Male,Satna
PH07019,43,Male,Tiruvottiyur
PH07020,24,Male,South Dumdum
PH07021,27,Male,Mathura
PH07022,53,Male,Begusarai
PH07023,61,Male,Raipur
PH07024,44,Male,Kakinada
PH07025,58,Male,Ongole
PH07026,79,Female,Khora 
PH07027,62,Male,Bihar Sharif
PH07028,18,Female,Bangalore
PH07029,56,Male,Purnia
PH07030,19,Female,Delhi
PH07031,74,Female,Cuttack
PH07032,25,Female,Udupi
PH07033,69,Female,Madurai
PH07034,34,Female,Aligarh
PH07035,65,Male,Bareilly
PH07036,57,Female,Rajkot
PH07037,50,Female,Guna
PH07038,23,Male,Thiruvananthapuram
PH07039,64,Female,Jorhat
PH07040,29,Female,Bhagalpur
PH07041,50,Male,Bihar Sharif
PH07042,80,Female,Muzaffarpur
PH07043,31,Female,Ramagundam
PH07044,21,Female,Berhampur
PH07045,32,Female,Berhampur
PH07046,76,Male,Surat
PH07047,42,Female,Loni
PH07048,25,Male,Panchkula
PH07049,60,Female,Unnao
PH07050,49,Female,Bardhaman
PH07051,29,Male,Sasaram
PH07052,77,Female,Jammu
PH07053,64,Female,Thiruvananthapuram
PH07054,60,Female,Phusro
PH07055,80,Female,Haridwar
PH07056,79,Female,Warangal
PH07057,59,Female,Narasaraopet
PH07058,59,Female,Allahabad
PH07059,37,Female,Shahjahanpur
PH07060,63,Male,Cuttack
PH07061,79,Male,Gandhinagar
PH07062,69,Male,Bikaner
PH07063,29,Female,Nagaon
PH07064,70,Female,Machilipatnam
PH07065,45,Male,Agra
PH07066,51,Male,Vijayanagaram
PH07067,23,Male,Ghaziabad
PH07068,72,Female,Dewas
PH07069,49,Male,Ludhiana
PH07070,77,Female,Bhilwara
PH07071,39,Male,Udaipur
PH07072,61,Male,Dewas
PH07073,51,Male,Jamshedpur
PH07074,44,Female,Jhansi
PH07075,41,Male,Ratlam
PH07076,66,Male,Kulti
PH07077,73,Female,Warangal
PH07078,39,Male,Maheshtala
PH07079,34,Female,Hapur
PH07080,64,Male,Bikaner
PH07081,28,Male,Coimbatore
PH07082,56,Female,Junagadh
PH07083,21,Female,Sultan Pur Majra
PH07084,61,Female,Allahabad
PH07085,28,Female,Hubli–Dharwad
PH07086,44,Female,Jalandhar
PH07087,71,Female,Kota
PH07088,36,Male,Tadipatri
PH07089,27,Male,Raebareli
PH07090,41,Male,Kalyan-Dombivli
PH07091,34,Male,Bijapur
PH07092,70,Female,Gurgaon
PH07093,79,Male,Ramgarh
PH07094,67,Female,Hindupur
PH07095,28,Female,Siwan
PH07096,24,Female,Mehsana
PH07097,34,Male,Ambarnath
PH07098,24,Female,Siliguri
PH07099,25,Female,Belgaum
PH07100,42,Male,Ghaziabad
PH07101,61,Male,Uluberia
PH07102,42,Male,Rewa
PH07103,52,Male,Nanded
PH07104,25,Male,Miryalaguda
PH07105,79,Male,Tumkur
PH07106,67,Male,Kirari Suleman Nagar
PH07107,62,Male,Karaikudi
PH07108,72,Female,Moradabad
PH07109,71,Female,Jhansi
PH07110,33,Female,Tumkur
PH07111,31,Male,Giridih
PH07112,64,Male,Kota
PH07113,45,Male,Adoni
PH07114,57,Female,Panchkula
PH07115,34,Female,Sri Ganganagar
PH07116,27,Female,Ballia
PH07117,56,Male,Suryapet
PH07118,75,Female,Imphal
PH07119,75,Female,Baranagar
PH07120,63,Male,Raiganj
PH07121,57,Male,Anantapur
PH07122,76,Male,Bhubaneswar
PH07123,71,Female,Chennai
PH07124,25,Male,Haldia
PH07125,27,Female,Uluberia
PH07126,38,Female,Bharatpur
PH07127,20,Male,Nizamabad
PH07128,79,Female,Haldia
PH07129,18,Female,Indore
PH07130,22,Male,Madanapalle
PH07131,52,Female,Dehradun
PH07132,24,Male,Bokaro
PH07133,44,Male,Karaikudi
PH07134,24,Female,Ahmedabad
PH07135,58,Female,Adoni
PH07136,42,Male,Singrauli
PH07137,51,Female,Jabalpur
PH07138,29,Female,Thane
PH07139,79,Female,Bidhannagar
PH07140,33,Female,Begusarai
PH07141,26,Male,Bhimavaram
PH07142,52,Male,Amravati
PH07143,42,Male,Narasaraopet
PH07144,33,Male,Thiruvananthapuram
PH07145,32,Female,Mumbai
PH07146,41,Female,Hospet
PH07147,71,Male,Khora 
PH07148,74,Male,Ghaziabad
PH07149,71,Male,Bhubaneswar
PH07150,29,Male,Thoothukudi
PH07151,52,Male,Nanded
PH07152,46,Female,Serampore
PH07153,55,Female,Durgapur
PH07154,31,Male,Siwan
PH07155,48,Female,Surendranagar Dudhrej
PH07156,50,Female,Giridih
PH07157,56,Male,Rohtak
PH07158,41,Male,Bhopal
PH07159,58,Male,Meerut
PH07160,58,Female,Jalgaon
PH07161,30,Female,Siliguri
PH07162,23,Male,Navi Mumbai
PH07163,41,Male,Noida
PH07164,58,Female,Ozhukarai
PH07165,48,Male,Gurgaon
PH07166,46,Male,Nizamabad
PH07167,69,Female,Mirzapur
PH07168,64,Male,Jalna
PH07169,35,Male,Dharmavaram
PH07170,49,Female,Haridwar
PH07171,27,Male,Shimoga
PH07172,48,Male,Katni
PH07173,57,Female,Etawah
PH07174,24,Male,Thrissur
PH07175,27,Male,Giridih
PH07176,44,Female,Pimpri-Chinchwad
PH07177,25,Male,Gandhidham
PH07178,47,Female,Alappuzha
PH07179,73,Female,Bangalore
PH07180,32,Male,Pondicherry
PH07181,41,Female,Warangal
PH07182,41,Female,Rourkela
PH07183,45,Male,Nashik
PH07184,33,Male,Nagpur
PH07185,33,Female,Raipur
PH07186,48,Female,Jalgaon
PH07187,72,Female,Chandrapur
PH07188,50,Male,Yamunanagar
PH07189,70,Male,Sagar
PH07190,65,Female,Nanded
PH07191,48,Female,Kharagpur
PH07192,35,Female,Solapur
PH07193,76,Male,Danapur
PH07194,70,Male,Jamshedpur
PH07195,74,Male,Firozabad
PH07196,63,Male,Dindigul
PH07197,53,Female,Kavali
PH07198,60,Female,Bettiah
PH07199,29,Male,Gurgaon
PH07200,71,Female,Khammam
PH07201,51,Female,Ulhasnagar
PH07202,55,Female,Gaya
PH07203,26,Male,Gopalpur
PH07204,61,Female,Jamshedpur
PH07205,70,Male,Bhopal
PH07206,49,Female,Arrah
PH07207,66,Male,Tirupati
PH07208,37,Male,Bhind
PH07209,39,Male,Bharatpur
PH07210,39,Male,Shahjahanpur
PH07211,54,Female,Srikakulam
PH07212,76,Male,Sangli-Miraj & Kupwad
PH07213,74,Male,Sri Ganganagar
PH07214,44,Female,Imphal
PH07215,77,Female,Bikaner
PH07216,47,Female,Visakhapatnam
PH07217,42,Female,Singrauli
PH07218,27,Male,Bhilwara
PH07219,78,Female,Delhi
PH07220,75,Female,Mehsana
PH07221,24,Male,Giridih
PH07222,34,Female,Bijapur
PH07223,32,Female,Loni
PH07224,80,Female,Thoothukudi
PH07225,34,Male,Sirsa
PH07226,39,Female,Fatehpur
PH07227,49,Female,Mangalore
PH07228,19,Female,Morena
PH07229,74,Female,Anantapur
PH07230,47,Male,Kottayam
PH07231,59,Male,Anand
PH07232,37,Male,South Dumdum
PH07233,36,Female,New Delhi
PH07234,32,Female,Uluberia
PH07235,52,Male,Pune
PH07236,78,Female,Bellary
PH07237,25,Female,Secunderabad
PH07238,61,Female,Bhatpara
PH07239,80,Male,Ludhiana
PH07240,42,Female,Mysore
PH07241,35,Female,Pali
PH07242,68,Male,Ramagundam
PH07243,57,Male,Bangalore
PH07244,19,Male,Danapur
PH07245,35,Male,Tiruvottiyur
PH07246,30,Male,Vijayawada
PH07247,24,Female,Kota
PH07248,50,Female,Nagaon
PH07249,54,Male,Pali
PH07250,42,Male,Maheshtala
PH07251,32,Male,Kavali
PH07252,80,Female,Amritsar
PH07253,29,Female,Pimpri-Chinchwad
PH07254,70,Female,Alwar
PH07255,56,Female,Chapra
PH07256,30,Male,Guna
PH07257,68,Female,Bhind
PH07258,32,Female,Satara
PH07259,73,Female,Ramagundam
PH07260,20,Female,Bellary
PH07261,33,Male,Tinsukia
PH07262,44,Female,Maheshtala
PH07263,60,Female,Allahabad
PH07264,44,Female,Akola
PH07265,52,Female,Bharatpur
PH07266,78,Male,Bharatpur
PH07267,77,Female,Jorhat
PH07268,37,Female,Panchkula
PH07269,51,Female,Jammu
PH07270,22,Male,Hajipur
PH07271,59,Female,Bhubaneswar
PH07272,19,Female,Chandigarh
PH07273,41,Female,Sagar
PH07274,68,Female,Berhampur
PH07275,48,Female,Farrukhabad
PH07276,49,Female,Tinsukia
PH07277,23,Female,Kavali
PH07278,61,Male,Madhyamgram
PH07279,34,Male,New Delhi
PH07280,80,Female,Jabalpur
PH07281,37,Female,Amravati
PH07282,67,Female,Nandyal
PH07283,61,Female,Gandhidham
PH07284,47,Female,Tiruchirappalli
PH07285,71,Male,Hosur
PH07286,33,Male,Serampore
PH07287,57,Female,Ghaziabad
PH07288,25,Female,Jorhat
PH07289,70,Female,Dhule
PH07290,25,Male,Silchar
PH07291,48,Female,Munger
PH07292,62,Female,Bathinda
PH07293,38,Female,Panchkula
PH07294,45,Male,Kulti
PH07295,63,Female,Saharanpur
PH07296,34,Male,Vasai-Virar
PH07297,34,Male,Tiruchirappalli
PH07298,58,Male,Jalandhar
PH07299,27,Female,Bathinda
PH07300,52,Female,Tenali
PH07301,64,Female,Nagercoil
PH07302,36,Male,Surat
PH07303,73,Male,Parbhani
PH07304,35,Female,Agartala
PH07305,59,Female,Siliguri
PH07306,31,Male,Kozhikode
PH07307,70,Female,Bhatpara
PH07308,53,Male,Guntakal
PH07309,68,Female,Jamshedpur
PH07310,71,Male,Siwan
PH07311,21,Male,Khammam
PH07312,29,Male,Surat
PH07313,38,Male,Katni
PH07314,48,Male,Hapur
PH07315,24,Male,Khora 
PH07316,77,Female,Jabalpur
PH07317,78,Female,Kharagpur
PH07318,52,Male,Guntur
PH07319,54,Female,Berhampur
PH07320,48,Female,Sambhal
PH07321,44,Female,Bhavnagar
PH07322,74,Female,Bhind
PH07323,34,Male,Vasai-Virar
PH07324,43,Male,Agra
PH07325,41,Female,Raurkela Industrial Township
PH07326,24,Female,Katihar
PH07327,27,Female,Visakhapatnam
PH07328,71,Female,Asansol
PH07329,19,Female,South Dumdum
PH07330,27,Female,Karimnagar
PH07331,66,Male,Alwar
PH07332,73,Male,Bally
PH07333,63,Female,Satna
PH07334,69,Male,Anantapuram
PH07335,36,Female,Malda
PH07336,48,Female,Agartala
PH07337,54,Female,Ambattur
PH07338,44,Female,Ambarnath
PH07339,65,Female,Panihati
PH07340,36,Male,Muzaffarnagar
PH07341,59,Female,Ambattur
PH07342,21,Female,Bhalswa Jahangir Pur
PH07343,67,Male,Kadapa
PH07344,58,Female,Sikar
PH07345,28,Male,Vijayawada
PH07346,67,Male,Ajmer
PH07347,78,Male,Tiruchirappalli
PH07348,77,Male,Kolhapur
PH07349,49,Male,Darbhanga
PH07350,51,Male,Jhansi
PH07351,61,Male,Dharmavaram
PH07352,49,Male,Chapra
PH07353,64,Male,Nagaon
PH07354,52,Female,Pune
PH07355,21,Male,Ramgarh
PH07356,27,Female,Jalgaon
PH07357,55,Female,Morena
PH07358,38,Female,Ghaziabad
PH07359,26,Female,Guna
PH07360,45,Male,Siliguri
PH07361,52,Male,Aligarh
PH07362,27,Female,Sikar
PH07363,53,Male,Kolkata
PH07364,54,Male,Surendranagar Dudhrej
PH07365,65,Female,Bhalswa Jahangir Pur
PH07366,34,Male,Bharatpur
PH07367,55,Male,Sri Ganganagar
PH07368,75,Female,Ghaziabad
PH07369,40,Male,Alwar
PH07370,55,Female,Haldia
PH07371,78,Female,Guntakal
PH07372,78,Female,Moradabad
PH07373,29,Female,Bangalore
PH07374,21,Male,Patna
PH07375,42,Male,Coimbatore
PH07376,76,Male,Ajmer
PH07377,24,Male,Sasaram
PH07378,67,Female,Nizamabad
PH07379,60,Female,Panchkula
PH07380,80,Female,Asansol
PH07381,77,Male,Chandrapur
PH07382,37,Male,Indore
PH07383,24,Male,Thrissur
PH07384,59,Male,Katni
PH07385,48,Male,Gangtok
PH07386,49,Female,Mirzapur
PH07387,44,Female,Berhampore
PH07388,77,Female,Noida
PH07389,73,Female,Tadepalligudem
PH07390,22,Female,Bharatpur
PH07391,34,Female,Moradabad
PH07392,71,Female,Ichalkaranji
PH07393,77,Female,Sambhal
PH07394,63,Female,Medininagar
PH07395,38,Female,Kota
PH07396,45,Female,Jehanabad
PH07397,25,Male,Farrukhabad
PH07398,42,Female,Mango
PH07399,27,Male,Begusarai
PH07400,65,Female,Kanpur
PH07401,64,Male,Ichalkaranji
PH07402,80,Male,Saharsa
PH07403,60,Female,Bidhannagar
PH07404,71,Male,Kulti
PH07405,77,Female,Bhatpara
PH07406,43,Male,Rewa
PH07407,68,Male,Sagar
PH07408,74,Female,Yamunanagar
PH07409,19,Female,Hospet
PH07410,32,Female,Phusro
PH07411,74,Male,Bhimavaram
PH07412,50,Female,Lucknow
PH07413,41,Male,Agra
PH07414,59,Female,Kurnool
PH07415,77,Female,Rewa
PH07416,62,Male,Kumbakonam
PH07417,39,Female,Warangal
PH07418,20,Female,Hazaribagh
PH07419,55,Male,Sri Ganganagar
PH07420,45,Female,Siwan
PH07421,70,Male,Gopalpur
PH07422,70,Male,Bilaspur
PH07423,69,Male,Ozhukarai
PH07424,64,Male,Malda
PH07425,64,Male,Kurnool
PH07426,46,Female,Rewa
PH07427,41,Female,Nangloi Jat
PH07428,58,Male,Burhanpur
PH07429,41,Female,Dibrugarh
PH07430,78,Female,Satna
PH07431,74,Female,Kumbakonam
PH07432,45,Female,Ujjain
PH07433,28,Female,Kozhikode
PH07434,38,Male,Ratlam
PH07435,61,Male,Sambhal
PH07436,43,Male,Meerut
PH07437,76,Female,Gudivada
PH07438,79,Male,Morena
PH07439,30,Female,Rajpur Sonarpur
PH07440,37,Male,Fatehpur
PH07441,26,Male,Ulhasnagar
PH07442,63,Male,Kottayam
PH07443,54,Female,Farrukhabad
PH07444,76,Male,Naihati
PH07445,60,Male,Danapur
PH07446,19,Male,Mira-Bhayandar
PH07447,63,Female,Gandhinagar
PH07448,58,Female,Faridabad
PH07449,51,Female,Baranagar
PH07450,32,Male,Munger
PH07451,44,Male,Orai
PH07452,52,Female,Jalna
PH07453,47,Male,Warangal
PH07454,26,Male,Vijayanagaram
PH07455,25,Male,Anantapuram
PH07456,19,Female,Berhampur
PH07457,18,Female,Raiganj
PH07458,56,Male,Surat
PH07459,77,Female,Sultan Pur Majra
PH07460,25,Male,Kharagpur
PH07461,26,Female,Ahmedabad
PH07462,29,Male,Bettiah
PH07463,53,Female,Agra
PH07464,74,Male,Patna
PH07465,68,Male,Ujjain
PH07466,36,Female,Muzaffarpur
PH07467,29,Female,Kozhikode
PH07468,64,Female,Nanded
PH07469,66,Male,Rewa
PH07470,25,Female,Satna
PH07471,25,Female,Erode
PH07472,36,Female,Guntakal
PH07473,24,Male,Jhansi
PH07474,26,Female,Patiala
PH07475,64,Female,Aizawl
PH07476,20,Female,Allahabad
PH07477,65,Male,Khora 
PH07478,73,Female,Bardhaman
PH07479,46,Female,Cuttack
PH07480,59,Male,Suryapet
PH07481,47,Female,Mathura
PH07482,44,Male,Bhusawal
PH07483,65,Male,Karnal
PH07484,68,Male,Hajipur
PH07485,41,Male,Muzaffarnagar
PH07486,18,Female,Kulti
PH07487,41,Female,Anantapur
PH07488,47,Male,Amroha
PH07489,75,Male,Vijayawada
PH07490,60,Female,South Dumdum
PH07491,76,Male,Maheshtala
PH07492,36,Female,Panvel
PH07493,61,Female,Ramgarh
PH07494,26,Male,Patiala
PH07495,47,Male,Thane
PH07496,53,Female,Mumbai
PH07497,58,Female,Unnao
PH07498,27,Female,Ranchi
PH07499,59,Female,Farrukhabad
PH07500,77,Male,Tiruppur
PH07501,55,Female,Raurkela Industrial Township
PH07502,59,Female,Amravati
PH07503,48,Male,Guntur
PH07504,35,Female,Pune
PH07505,48,Male,Nadiad
PH07506,79,Male,Ambala
PH07507,63,Female,Jorhat
PH07508,19,Female,Nagaon
PH07509,58,Female,Vadodara
PH07510,42,Female,Howrah
PH07511,73,Male,Thanjavur
PH07512,35,Male,Kota
PH07513,21,Male,Kottayam
PH07514,39,Male,Bhiwani
PH07515,60,Female,Sagar
PH07516,51,Male,Katihar
PH07517,34,Female,Imphal
PH07518,35,Female,Agartala
PH07519,31,Female,Aurangabad
PH07520,34,Male,New Delhi
PH07521,75,Male,Bhilwara
PH07522,47,Female,Phagwara
PH07523,73,Male,Ongole
PH07524,20,Female,Karawal Nagar
PH07525,58,Female,Kulti
PH07526,23,Female,Udupi
PH07527,53,Male,Thane
PH07528,33,Female,Jhansi
PH07529,25,Male,Chapra
PH07530,18,Female,Dewas
PH07531,71,Female,Pali
PH07532,79,Male,Bettiah
PH07533,74,Female,Madurai
PH07534,37,Male,Phagwara
PH07535,25,Male,Satara
PH07536,31,Female,Vasai-Virar
PH07537,52,Male,Mehsana
PH07538,36,Female,Ballia
PH07539,23,Male,Jabalpur
PH07540,58,Male,Muzaffarnagar
PH07541,56,Female,Chennai
PH07542,21,Female,Tadepalligudem
PH07543,59,Female,Chittoor
PH07544,55,Female,Kolkata
PH07545,45,Male,Udupi
PH07546,79,Male,Surat
PH07547,40,Female,Bihar Sharif
PH07548,69,Female,Pimpri-Chinchwad
PH07549,50,Male,Bharatpur
PH07550,18,Male,Karnal
PH07551,56,Male,Guntur
PH07552,77,Female,Arrah
PH07553,37,Male,Malegaon
PH07554,36,Male,Raiganj
PH07555,51,Female,Davanagere
PH07556,53,Male,Amritsar
PH07557,24,Male,Chittoor
PH07558,37,Female,Bhilai
PH07559,61,Female,Durg
PH07560,62,Female,Surat
PH07561,35,Female,Bilaspur
PH07562,75,Female,Raipur
PH07563,72,Female,Nangloi Jat
PH07564,44,Female,Akola
PH07565,23,Male,Srikakulam
PH07566,48,Male,Mirzapur
PH07567,51,Female,Jalandhar
PH07568,78,Male,Kulti
PH07569,66,Female,Gwalior
PH07570,39,Male,Jammu
PH07571,29,Male,Morbi
PH07572,80,Male,Alappuzha
PH07573,76,Female,Serampore
PH07574,45,Female,Shivpuri
PH07575,19,Male,Bongaigaon
PH07576,24,Female,Nagercoil
PH07577,68,Female,Siliguri
PH07578,49,Male,South Dumdum
PH07579,80,Female,Mahbubnagar
PH07580,32,Male,Surendranagar Dudhrej
PH07581,38,Male,Orai
PH07582,58,Female,Sasaram
PH07583,40,Male,Bhimavaram
PH07584,37,Female,Firozabad
PH07585,24,Male,Kavali
PH07586,80,Male,Akola
PH07587,56,Female,Giridih
PH07588,38,Male,Kumbakonam
PH07589,25,Male,Khammam
PH07590,23,Female,Allahabad
PH07591,18,Male,Mirzapur
PH07592,55,Male,Jodhpur
PH07593,41,Male,Kottayam
PH07594,73,Male,Khammam
PH07595,31,Female,Serampore
PH07596,45,Female,Nagaon
PH07597,40,Male,Howrah
PH07598,51,Male,Ramgarh
PH07599,69,Male,Rohtak
PH07600,57,Female,Ramagundam
PH07601,69,Male,Ahmednagar
PH07602,72,Female,Sagar
PH07603,57,Male,Malegaon
PH07604,46,Female,Adoni
PH07605,62,Male,Sasaram
PH07606,47,Female,Bally
PH07607,32,Male,Ambala
PH07608,46,Female,Sasaram
PH07609,30,Female,Kharagpur
PH07610,55,Male,Tiruvottiyur
PH07611,60,Male,Ballia
PH07612,49,Female,Srikakulam
PH07613,50,Female,Sasaram
PH07614,50,Male,Ludhiana
PH07615,32,Female,Jodhpur
PH07616,40,Female,Raiganj
PH07617,76,Male,Machilipatnam
PH07618,72,Female,Gopalpur
PH07619,31,Female,Hazaribagh
PH07620,64,Female,Bhilai
PH07621,62,Female,Chittoor
PH07622,39,Female,Machilipatnam
PH07623,29,Female,Sasaram
PH07624,20,Male,Akola
PH07625,36,Female,Durgapur
PH07626,45,Female,Coimbatore
PH07627,74,Male,Muzaffarpur
PH07628,74,Female,Gaya
PH07629,31,Female,Mahbubnagar
PH07630,32,Male,Nagaon
PH07631,26,Male,Berhampur
PH07632,21,Female,Sirsa
PH07633,75,Female,Hyderabad
PH07634,48,Male,Dehradun
PH07635,48,Male,Malda
PH07636,61,Male,Bhopal
PH07637,60,Male,Thrissur
PH07638,74,Male,Jabalpur
PH07639,69,Female,Guntur
PH07640,40,Female,Jehanabad
PH07641,23,Male,Bhiwani
PH07642,50,Female,Shahjahanpur
PH07643,43,Male,Korba
PH07644,60,Male,Avadi
PH07645,75,Male,Karnal
PH07646,28,Female,Ratlam
PH07647,32,Female,Dhule
PH07648,46,Female,Mango
PH07649,69,Male,Mangalore
PH07650,80,Female,Pondicherry
PH07651,62,Male,Ballia
PH07652,56,Female,Hospet
PH07653,51,Female,Tirupati
PH07654,40,Female,Agra
PH07655,44,Female,Kavali
PH07656,62,Male,Durg
PH07657,56,Female,Patna
PH07658,45,Female,Saharsa
PH07659,70,Female,Rampur
PH07660,47,Male,Ramgarh
PH07661,26,Female,Giridih
PH07662,50,Female,Kharagpur
PH07663,52,Female,Hajipur
PH07664,72,Male,Ranchi
PH07665,71,Male,Bhilai
PH07666,80,Female,Sambalpur
PH07667,22,Female,Mahbubnagar
PH07668,46,Male,Bhopal
PH07669,59,Female,Sonipat
PH07670,36,Male,Tezpur
PH07671,68,Female,Jorhat
PH07672,42,Male,Medininagar
PH07673,54,Male,Meerut
PH07674,51,Male,Mahbubnagar
PH07675,68,Male,Muzaffarpur
PH07676,73,Male,Ranchi
PH07677,18,Female,Dehradun
PH07678,80,Male,Madanapalle
PH07679,76,Male,Mumbai
PH07680,53,Female,Bhind
PH07681,79,Male,Gorakhpur
PH07682,26,Female,Lucknow
PH07683,36,Male,Bihar Sharif
PH07684,24,Female,Karawal Nagar
PH07685,42,Male,Navi Mumbai
PH07686,24,Female,Gudivada
PH07687,31,Female,Kamarhati
PH07688,63,Female,Tiruvottiyur
PH07689,50,Female,Jalgaon
PH07690,58,Male,Suryapet
PH07691,77,Female,Kavali
PH07692,18,Male,Hazaribagh
PH07693,66,Female,Mau
PH07694,25,Female,Malda
PH07695,53,Female,Raiganj
PH07696,24,Female,Panipat
PH07697,38,Female,Eluru
PH07698,75,Male,Raebareli
PH07699,65,Female,Jaunpur
PH07700,77,Female,Ichalkaranji
PH07701,36,Female,Tadepalligudem
PH07702,63,Female,Kakinada
PH07703,23,Male,Bharatpur
PH07704,78,Female,Tinsukia
PH07705,21,Female,Kota
PH07706,21,Male,Sambhal
PH07707,41,Female,Ujjain
PH07708,54,Male,Kalyan-Dombivli
PH07709,48,Female,Farrukhabad
PH07710,31,Female,Kolhapur
PH07711,39,Male,Firozabad
PH07712,41,Male,Gandhidham
PH07713,27,Female,Morbi
PH07714,45,Female,Bhagalpur
PH07715,75,Male,Thane
PH07716,64,Female,Solapur
PH07717,32,Female,Mumbai
PH07718,61,Male,Gandhinagar
PH07719,76,Female,Kishanganj
PH07720,49,Female,Siwan
PH07721,21,Female,Adoni
PH07722,20,Male,Katihar
PH07723,57,Female,Anantapur
PH07724,42,Female,Bijapur
PH07725,76,Female,Gorakhpur
PH07726,78,Male,Faridabad
PH07727,52,Female,Munger
PH07728,69,Male,Bhusawal
PH07729,22,Male,Kumbakonam
PH07730,43,Female,North Dumdum
PH07731,64,Female,Pudukkottai
PH07732,39,Male,Satna
PH07733,35,Female,Ambarnath
PH07734,69,Female,Bhatpara
PH07735,30,Male,Deoghar
PH07736,70,Female,Indore
PH07737,35,Male,Tiruvottiyur
PH07738,78,Female,Haridwar
PH07739,70,Male,Kozhikode
PH07740,31,Male,Moradabad
PH07741,76,Female,Thoothukudi
PH07742,65,Female,Adoni
PH07743,73,Female,Eluru
PH07744,53,Female,Nangloi Jat
PH07745,39,Female,Dehradun
PH07746,26,Female,Panihati
PH07747,74,Male,Dewas
PH07748,29,Male,Fatehpur
PH07749,56,Female,Thanjavur
PH07750,73,Male,Ratlam
PH07751,78,Male,Chapra
PH07752,63,Female,Bally
PH07753,60,Female,Berhampore
PH07754,73,Female,Mahbubnagar
PH07755,77,Female,Kavali
PH07756,54,Female,Sasaram
PH07757,25,Male,Vadodara
PH07758,62,Female,Jaunpur
PH07759,61,Male,Burhanpur
PH07760,34,Male,Aurangabad
PH07761,46,Female,Chandrapur
PH07762,22,Female,Allahabad
PH07763,49,Male,Berhampore
PH07764,53,Male,Bhalswa Jahangir Pur
PH07765,44,Male,Bhatpara
PH07766,54,Male,Raipur
PH07767,29,Female,Aligarh
PH07768,38,Male,Ongole
PH07769,54,Male,Rajkot
PH07770,27,Female,Nizamabad
PH07771,56,Male,Nizamabad
PH07772,75,Female,Akola
PH07773,54,Male,Uluberia
PH07774,52,Male,Bhiwandi
PH07775,19,Male,Moradabad
PH07776,31,Female,Jalandhar
PH07777,39,Male,Bhopal
PH07778,20,Female,Hindupur
PH07779,28,Female,Lucknow
PH07780,68,Male,Bellary
PH07781,71,Female,Rohtak
PH07782,61,Female,Vijayanagaram
PH07783,75,Male,Satna
PH07784,36,Male,Panchkula
PH07785,60,Female,Buxar
PH07786,80,Female,Motihari
PH07787,57,Male,Solapur
PH07788,19,Female,Deoghar
PH07789,79,Male,Bareilly
PH07790,71,Male,Katni
PH07791,72,Female,Unnao
PH07792,18,Female,Alwar
PH07793,27,Female,Bhilwara
PH07794,20,Female,Madhyamgram
PH07795,21,Male,Medininagar
PH07796,50,Male,Malda
PH07797,47,Male,Mysore
PH07798,26,Male,Salem
PH07799,35,Male,Rampur
PH07800,34,Male,Saharsa
PH07801,74,Male,Meerut
PH07802,69,Male,Bulandshahr
PH07803,65,Male,Chittoor
PH07804,28,Male,Mysore
PH07805,25,Female,Madhyamgram
PH07806,34,Male,Bijapur
PH07807,74,Male,Kadapa
PH07808,49,Male,Siliguri
PH07809,51,Female,Amritsar
PH07810,59,Male,Ambarnath
PH07811,54,Male,Jalgaon
PH07812,27,Male,Kolhapur
PH07813,27,Female,Medininagar
PH07814,57,Female,Kota
PH07815,53,Male,Bathinda
PH07816,79,Male,Akola
PH07817,24,Female,Sultan Pur Majra
PH07818,29,Female,Bikaner
PH07819,50,Female,Dharmavaram
PH07820,77,Male,Gurgaon
PH07821,49,Female,Panchkula
PH07822,70,Male,Nangloi Jat
PH07823,53,Female,Miryalaguda
PH07824,22,Female,Surat
PH07825,31,Female,Salem
PH07826,51,Male,Akola
PH07827,61,Female,Surendranagar Dudhrej
PH07828,26,Male,Dibrugarh
PH07829,43,Male,Rewa
PH07830,62,Male,Nadiad
PH07831,70,Female,Pallavaram
PH07832,46,Male,Rampur
PH07833,71,Female,Kulti
PH07834,34,Female,Gaya
PH07835,80,Male,Bhimavaram
PH07836,63,Male,Udaipur
PH07837,33,Male,Mirzapur
PH07838,27,Male,North Dumdum
PH07839,30,Female,Dhanbad
PH07840,62,Female,Kadapa
PH07841,34,Male,Siwan
PH07842,23,Male,Ongole
PH07843,56,Female,Raipur
PH07844,30,Female,Gwalior
PH07845,70,Female,Silchar
PH07846,51,Female,Jalgaon
PH07847,72,Male,New Delhi
PH07848,56,Female,Patna
PH07849,78,Female,Chittoor
PH07850,77,Male,Haridwar
PH07851,42,Male,Bilaspur
PH07852,19,Male,Kolkata
PH07853,59,Female,Panihati
PH07854,69,Female,Tiruvottiyur
PH07855,21,Female,Sambhal
PH07856,37,Male,Panchkula
PH07857,46,Male,Panvel
PH07858,25,Female,Chandrapur
PH07859,52,Male,Medininagar
PH07860,36,Female,Chennai
PH07861,54,Female,Surat
PH07862,74,Male,Mumbai
PH07863,40,Female,Imphal
PH07864,27,Female,Suryapet
PH07865,53,Female,Chandrapur
PH07866,54,Female,Sirsa
PH07867,72,Male,Kollam
PH07868,23,Female,Gangtok
PH07869,60,Female,Coimbatore
PH07870,77,Male,Khammam
PH07871,62,Female,Akola
PH07872,76,Female,Jalgaon
PH07873,66,Male,Secunderabad
PH07874,75,Female,Machilipatnam
PH07875,46,Female,Bikaner
PH07876,66,Female,Howrah
PH07877,35,Female,Jhansi
PH07878,61,Female,Kharagpur
PH07879,72,Male,Haldia
PH07880,19,Male,Sasaram
PH07881,43,Male,Jammu
PH07882,29,Male,Udupi
PH07883,71,Female,Belgaum
PH07884,31,Male,Davanagere
PH07885,47,Male,Naihati
PH07886,68,Male,Saharanpur
PH07887,36,Male,Gurgaon
PH07888,46,Male,Nandyal
PH07889,21,Male,Coimbatore
PH07890,50,Male,Bathinda
PH07891,58,Male,Bhalswa Jahangir Pur
PH07892,60,Female,Ludhiana
PH07893,46,Male,Cuttack
PH07894,72,Male,Junagadh
PH07895,35,Male,Chennai
PH07896,32,Male,Gulbarga
PH07897,27,Male,Bidhannagar
PH07898,51,Male,Korba
PH07899,49,Female,Salem
PH07900,64,Female,Etawah
PH07901,70,Female,Maheshtala
PH07902,35,Female,Jaunpur
PH07903,19,Female,Mehsana
PH07904,76,Male,Latur
PH07905,59,Male,Thiruvananthapuram
PH07906,56,Female,Miryalaguda
PH07907,76,Female,Agartala
PH07908,62,Male,Aurangabad
PH07909,69,Female,Solapur
PH07910,76,Male,Bikaner
PH07911,35,Female,Ambala
PH07912,31,Female,Gandhidham
PH07913,30,Female,Ajmer
PH07914,58,Male,Junagadh
PH07915,18,Male,Karaikudi
PH07916,51,Male,Ramgarh
PH07917,67,Male,Baranagar
PH07918,23,Female,Mangalore
PH07919,72,Female,Ambala
PH07920,21,Male,North Dumdum
PH07921,48,Male,Junagadh
PH07922,64,Female,Khammam
PH07923,28,Male,Mango
PH07924,38,Female,Miryalaguda
PH07925,24,Female,Ongole
PH07926,24,Female,Mango
PH07927,73,Male,Jaipur
PH07928,66,Female,Kamarhati
PH07929,65,Male,Saharanpur
PH07930,45,Female,Kolkata
PH07931,79,Male,Bangalore
PH07932,47,Male,Lucknow
PH07933,43,Male,Chandrapur
PH07934,36,Male,Alwar
PH07935,61,Female,Durg
PH07936,41,Male,Nagpur
PH07937,51,Female,Hospet
PH07938,54,Male,Hosur
PH07939,68,Female,Bhopal
PH07940,59,Female,Belgaum
PH07941,72,Male,Rohtak
PH07942,46,Female,Kamarhati
PH07943,38,Female,Nashik
PH07944,40,Male,Bikaner
PH07945,59,Male,Aizawl
PH07946,65,Female,South Dumdum
PH07947,38,Male,Pudukkottai
PH07948,47,Female,Ahmedabad
PH07949,20,Female,Bhiwandi
PH07950,66,Male,Bareilly
PH07951,35,Female,Rampur
PH07952,59,Male,Motihari
PH07953,30,Male,Karnal
PH07954,77,Female,Ichalkaranji
PH07955,37,Male,Bokaro
PH07956,60,Male,Latur
PH07957,19,Male,Mysore
PH07958,66,Female,Haldia
PH07959,60,Male,Kumbakonam
PH07960,65,Female,Danapur
PH07961,57,Male,Bhiwandi
PH07962,24,Male,Cuttack
PH07963,24,Female,Avadi
PH07964,23,Female,Junagadh
PH07965,25,Female,Jabalpur
PH07966,63,Male,Gurgaon
PH07967,72,Female,Lucknow
PH07968,27,Female,Hospet
PH07969,49,Female,Madanapalle
PH07970,27,Male,Rajpur Sonarpur
PH07971,63,Male,Cuttack
PH07972,32,Male,Machilipatnam
PH07973,77,Female,Phusro
PH07974,58,Male,Karimnagar
PH07975,29,Male,Sambhal
PH07976,28,Male,Udaipur
PH07977,32,Male,Medininagar
PH07978,46,Male,Varanasi
PH07979,44,Male,Solapur
PH07980,23,Male,Alappuzha
PH07981,79,Male,Nashik
PH07982,77,Male,Ajmer
PH07983,50,Female,Dhanbad
PH07984,59,Male,Serampore
PH07985,68,Female,Lucknow
PH07986,78,Male,Bangalore
PH07987,45,Male,Ajmer
PH07988,50,Male,Bettiah
PH07989,79,Female,Haldia
PH07990,51,Female,Thrissur
PH07991,55,Female,Bally
PH07992,47,Male,Ambarnath
PH07993,69,Female,Kavali
PH07994,56,Male,Phagwara
PH07995,19,Female,Bikaner
PH07996,68,Female,Adoni
PH07997,28,Female,Pali
PH07998,38,Male,Rewa
PH07999,62,Male,Hospet
